абрикосовый,0
абсолютный,1
абстрактный,0
абсурдный,-1
абхазский,0
авангардный,1
авантюрный,-1
аварийный,-1
августейший,1
августовский,0
авиационный,0
австралийский,0
австрийский,0
автобиографический,0
автобусный,0
автоматизированный,0
автоматический,0
автоматный,0
автомобильный,0
автономный,0
авторитарный,-1
авторитетный,1
авторский,0
агатовый,0
агентурный,0
агитационный,0
аграрный,0
агрессивный,-1
адвокатский,0
адекватный,1
административно,0
административный,0
адмиральский,0
адовый,-1
адресный,0
адский,-1
ажурный,0
азартный,1
азербайджанский,0
азиатский,0
азовский,0
азотный,0
академический,0
аккумуляторный,0
аккуратненький,1
аккуратный,1
актерский,0
активированный,0
активный,1
актовый,0
актуальный,1
акулий,0
акустический,0
акционерный,0
албанский,0
алданский,0
алкогольный,-1
аллергический,-1
алмазный,0
алтайский,0
алфавитный,0
алчный,-1
алый,0
альпийский,0
альпинистский,0
альтернативный,0
алюминиевый,0
аляповатый,-1
амбарный,0
амбициозный,1
амбулаторный,0
американский,0
аморальный,-1
аморфный,-1
амурный,0
аналитический,1
аналогичный,0
аналоговый,0
анатомический,0
ангельский,1
английский,0
англоязычный,0
анекдотический,-1
анилиновый,0
аномальный,-1
анонимный,0
антагонистический,0
антарктический,0
антенный,0
антиалкогольный,1
антибактериальный,1
антигистаминный,1
антикварный,0
антикоммунистический,-1
антимонопольный,1
антинародный,-1
антинаучный,-1
антипартийный,-1
антирелигиозный,-1
антисемитский,-1
антисептический,0
антисоветский,-1
античный,0
апельсиновый,0
апокалиптический,-1
аполитичный,-1
аппаратный,0
аппетитный,1
апрельский,0
априорный,1
аптекарский,0
аптечный,0
арабский,0
арбалетный,0
арбатский,0
арбитражный,0
арбузный,0
аргентинский,0
арендный,0
арестантский,-1
арийский,0
аристократический,1
арифметический,0
арктический,0
армейский,0
армянский,0
ароматический,0
ароматный,1
артельный,0
артериальный,0
артиллерийский,0
артистический,0
артистичный,1
архаический,0
архаичный,-1
археологический,0
архивный,0
архиерейский,0
архитектурный,0
асимметричный,0
аскетический,1
аскорбиновый,0
ассирийский,0
ассоциативный,0
астматический,0
астральный,0
астраханский,0
астрономический,0
асфальтовый,0
атеистический,1
атлантический,0
атласный,0
атлетический,0
атмосферный,1
атомный,0
афганский,0
афинский,0
африканский,0
аффективный,1
аэродромный,0
бабий,-1
бабский,-1
баварский,0
багажный,0
багдадский,0
багровый,0
багряный,0
баевский,0
базальтовый,0
базарный,0
базисный,0
базовый,0
байкальский,0
байковый,0
бакинский,0
бактериальный,0
бактериологический,0
бактерицидный,0
балетный,0
балканский,0
балконный,0
баллистический,0
балтийский,0
бальный,0
бамбуковый,0
банальный,-1
банановый,0
бандитский,-1
банкетный,0
банковский,0
банный,0
барабанный,0
бараний,-1
барачный,0
баронский,0
барский,1
бархатистый,0
бархатный,1
басистый,1
баскетбольный,0
баснословный,0
басовитый,0
басовый,0
батальонный,0
батарейный,0
бдительный,1
беглый,-1
бедненький,-1
бедный,-1
бедовый,-1
бедственный,-1
бежевый,0
бежецкий,0
безалаберный,-1
безалкогольный,1
безапелляционный,-1
безбожный,-1
безболезненный,1
безбоязненный,0
безбрежный,0
безвестный,0
безветренный,0
безвкусный,-1
безводный,-1
безвоздушный,0
безволосый,0
безвольный,-1
безвредный,1
безвременный,0
безвылазный,0
безвыходный,0
безглазый,-1
безгласный,0
безголовый,0
безграмотный,-1
безграничный,1
безгрешный,1
бездарный,-1
бездетный,-1
бездомный,-1
бездонный,1
бездумный,-1
бездуховный,-1
бездушный,-1
бездыханный,-1
безжалостный,-1
безжизненный,-1
беззаботный,1
беззаветный,1
беззастенчивый,-1
беззащитный,-1
беззвучный,0
беззлобный,1
беззубый,0
безликий,-1
безличный,0
безлунный,0
безлюдный,0
безмерный,1
безмозглый,-1
безмолвный,0
безмятежный,1
безнадежный,-1
безнаказанный,-1
безногий,-1
безнравственный,-1
безобидный,1
безоблачный,1
безобразный,-1
безоглядный,0
безоговорочный,0
безопасный,1
безоружный,0
безостановочный,0
безответный,-1
безответственный,-1
безотказный,1
безотчетный,0
безошибочный,1
безработный,-1
безрадостный,-1
безразличный,-1
безразмерный,0
безрассудный,-1
безродный,-1
безропотный,0
безрукий,-1
безудержный,0
безукоризненный,1
безумный,-1
безупречный,1
безусловный,1
безуспешный,-1
безутешный,-1
безучастный,-1
безымянный,-1
безысходный,-1
беленый,0
беленький,0
белесоватый,0
белесый,0
беличий,0
белковый,0
белобровый,0
белобрысый,0
беловатый,0
белогвардейский,-1
белоголовый,0
белозубый,0
белокаменный,0
белокурый,0
белорусский,0
белоснежный,0
белый,0
бельгийский,0
бельевой,0
бенгальский,0
бензиновый,0
бердичевский,0
береженый,0
бережливый,1
бережный,1
березовый,0
беременный,0
берестяной,0
берлинский,0
бермудский,0
бесклассовый,0
бескомпромиссный,1
бесконечный,1
бесконтактный,0
бесконтрольный,-1
бескорыстный,1
бескрайний,1
бескровный,-1
бескрылый,-1
бесноватый,-1
бесовский,-1
беспардонный,-1
беспартийный,-1
бесперебойный,0
бесперспективный,-1
беспечный,-1
бесплатный,0
бесплодный,-1
бесплотный,0
бесподобный,1
беспокойный,0
бесполезный,-1
беспомощный,-1
беспорядочный,-1
беспочвенный,-1
беспощадный,-1
бесправный,-1
беспредельный,0
беспредметный,0
беспрекословный,0
беспрерывный,0
беспрестанный,0
беспрецедентный,0
беспризорный,-1
беспримерный,0
беспристрастный,0
беспричинный,0
бесприютный,-1
беспробудный,0
беспроводный,0
беспросветный,-1
беспутный,-1
бессвязный,-1
бессердечный,-1
бессильный,-1
бессимптомный,0
бесславный,-1
бессловесный,-1
бессменный,1
бессмертный,0
бессмысленный,-1
бессовестный,-1
бессознательный,-1
бессонный,0
бесспорный,1
бессрочный,0
бесстрастный,1
бесстрашный,1
бесстыдный,-1
бесстыжий,-1
бессчетный,0
бестактный,-1
бесталанный,-1
бестелесный,0
бестолковый,-1
бесформенный,-1
бесхвостый,0
бесхитростный,0
бесхозный,-1
бесцветный,0
бесцельный,-1
бесценный,1
бесцеремонный,-1
бесчеловечный,-1
бесчестный,-1
бесчисленный,0
бесчувственный,-1
бесшабашный,0
бесшумный,1
бетонированный,0
бетонный,0
бешеный,0
библейский,0
библиографический,0
библиотечный,0
билетный,0
бильярдный,0
биографический,0
биологический,0
биохимический,0
биржевой,0
бирюзовый,0
бисерный,0
битый,-1
благоговейный,1
благодарный,1
благодарственный,1
благодатный,1
благодушный,1
благожелательный,1
благой,1
благонамеренный,1
благообразный,1
благополучный,1
благопристойный,1
благоприятный,1
благоразумный,1
благороднейший,1
благородный,1
благосклонный,1
благословенный,1
благостный,1
благотворительный,1
благотворный,1
благоустроенный,1
благоуханный,1
благочестивый,1
блаженный,0
блатной,-1
бледный,-1
блеклый,-1
блестящий,1
ближайший,0
ближний,0
близкий,0
близлежащий,0
близорукий,-1
блистательный,1
блокадный,0
блочный,0
блудливый,-1
блудный,-1
блуждающий,0
блюзовый,0
бобовый,0
бобровый,0
богатейший,1
богатенький,0
богатый,1
богатырский,1
богемный,1
богемский,0
богоугодный,1
бодрый,1
бодрящий,1
боевой,1
божеский,1
божественный,1
божий,1
бойкий,1
бойцовый,0
боковой,0
боксерский,0
болгарский,0
болевой,-1
болезненный,-1
болезнетворный,-1
болезный,-1
болеутоляющий,0
болотистый,0
болотный,0
болтливый,-1
больничный,-1
больной,-1
большевистский,0
большеглазый,0
большеголовый,0
больший,0
большой,1
большущий,1
бомбовый,0
бордовый,0
борзый,0
борный,0
бородатый,0
бортовый,0
борщовый,0
босой,0
босоногий,0
ботанический,0
боязливый,-1
бравурный,1
бравый,1
бразильский,0
бранный,-1
братский,1
брачный,0
бревенчатый,0
бредовый,-1
брежневский,0
брезгливый,-1
брезентовый,0
бренный,-1
брестский,0
бреющий,0
бригадный,0
бриллиантовый,1
британский,0
бритвенный,0
бритоголовый,0
бритый,0
бродячий,-1
бронебойный,1
броневой,1
бронетанковый,1
бронзовый,0
бронированный,0
бронхиальный,0
броский,0
бросовый,-1
брюзгливый,-1
брюхатый,-1
брючный,0
брюшной,0
брянский,0
бубновый,0
бугристый,0
будапештский,0
буддийский,0
будний,0
будничный,-1
будущий,0
буйный,-1
буквальный,0
букинистический,0
булочный,0
булыжный,0
бульварный,-1
бульдожий,1
бумажный,0
бураковский,0
бургундский,0
буржуазный,-1
бурный,1
буроватый,0
буровой,0
бурый,0
бутафорский,0
бутылочный,0
бутырский,0
буферный,0
буфетный,0
бухгалтерский,0
бывалый,1
бывший,-1
былинный,1
былой,0
быстроногий,1
быстротечный,0
быстроходный,0
быстрый,1
бытовой,0
бычий,0
бюджетный,0
бюрократический,-1
бязевый,0
вавилонский,0
вагонный,0
важнейший,1
важный,1
вазелиновый,0
вакантный,0
вакуумный,0
валовый,0
вальяжный,-1
валютный,0
ванный,0
варварский,-1
вареный,0
варикозный,0
варфоломеевский,0
варшавский,0
васильевский,0
васильковый,0
ватный,-1
ваучерный,0
вафельный,0
вахтенный,0
ваш,0
вводный,0
вдовий,-1
вдовый,0
вдохновенный,1
вдумчивый,1
вегетарианский,0
вегетативный,0
ведомственный,0
ведомый,-1
вежливый,1
вездесущий,1
везучий,1
веймарский,0
вековечный,1
вековой,0
велеречивый,1
великий,1
великоватый,0
великовозрастный,-1
великодушный,1
великолепный,1
великосветский,0
величавый,1
величайший,1
величественный,1
велосипедный,0
вельветовый,0
велюровый,0
венгерский,0
венерический,-1
венецианский,0
венозный,0
венский,0
вентиляционный,0
верблюжий,0
веревочный,0
верноподданный,0
верный,1
вероломный,-1
вероятный,0
версальский,0
вертикальный,0
верткий,0
вертлявый,-1
вертолетный,0
верующий,0
верхний,0
верховный,1
верховый,0
веселенький,-1
веселый,1
весенний,0
веский,1
веснушчатый,0
весовой,0
весомый,1
вестимый,0
вестовый,0
весь,0
ветвистый,0
ветеринарный,0
ветреный,-1
ветровый,0
ветряный,0
ветхий,0
ветхозаветный,0
вечерний,0
вечнозеленый,1
вечный,0
вешний,0
вещевой,0
вещественный,0
вещий,1
взаимный,0
взаимовыгодный,1
взаимосвязанный,0
взбалмошный,-1
взводной,0
взводный,0
вздернутый,0
вздорный,-1
вздутый,-1
взлетный,0
взмыленный,-1
взрослый,0
взрывной,-1
взрывоопасный,0
взрывчатый,0
взыскательный,0
видимый,0
видный,1
видовой,0
византийский,0
визгливый,-1
визитный,0
визуальный,0
винницкий,0
винный,0
виноватый,-1
виновный,-1
виноградный,0
винтовой,0
винтовочный,0
виртуальный,0
виртуозный,1
вирусный,-1
вислый,0
висячий,0
витальный,0
витаминный,1
витиеватый,0
витой,0
вихрастый,1
вихревой,0
вишневый,0
вкрадчивый,0
вкусненький,1
вкусный,1
вкусовой,0
влагалищный,0
влажный,0
властный,1
влиятельный,1
влюбленный,1
вместительный,1
вмонтированный,0
внебрачный,0
внезапный,0
внеземной,0
внематочный,0
внеочередной,0
внеплановый,0
внешнеполитический,0
внешний,0
внештатный,0
внимательный,1
внутренний,0
внутривенный,0
внутрипартийный,0
внутриутробный,0
внутричерепной,0
внучатый,0
внушительный,1
внятный,1
вогнутый,0
водительский,0
водный,0
водонапорный,0
водопроводный,0
водородный,0
водосточный,0
водочный,0
водянистый,0
водяной,0
воеводский,0
военно,0
военнопленный,-1
военнослужащий,0
военный,0
вожделенный,1
возбудимый,-1
возвратный,0
возвышенный,1
воздушный,0
возможный,0
возмутительный,-1
возрастной,0
войлочный,0
воинский,0
воинственный,-1
воинствующий,-1
войсковой,0
вокальный,0
вокзальный,0
волгоградский,0
волевой,1
волейбольный,0
волжский,0
волнистый,0
волнообразный,0
волнующий,1
вологодский,0
волоколамский,0
волосатый,0
волосяной,0
волховский,0
волчий,-1
волшебный,1
вольнонаемный,0
вольный,0
вонючий,-1
воодушевленный,1
вооруженный,0
вопиющий,-1
вопросительный,0
воркутинский,0
воробьиный,0
ворованный,-1
вороватый,-1
воровской,-1
воронежский,0
вороненый,0
вороний,0
вороной,0
ворсистый,0
ворчливый,-1
восемнадцатилетний,0
восклицательный,1
восковой,0
воскресный,0
воспалительный,-1
воспитанный,1
воспитательный,0
восстановительный,0
восторженный,1
восточный,0
вострый,0
восхитительный,1
восхищенный,1
восходящий,1
впалый,-1
впечатлительный,0
впечатляющий,1
враждебный,-1
вражеский,-1
вражий,-1
вразумительный,1
врачебный,0
вредительский,-1
вредный,-1
временный,0
врожденный,0
всамделишный,0
всевидящий,1
всевозможный,1
всевышний,0
всегдашний,0
всезнающий,1
вселенский,1
всемирный,1
всемогущий,1
всенародный,1
всеобщий,0
всеобъемлющий,1
всепоглощающий,1
всероссийский,1
всесильный,1
всесоюзный,0
всесторонний,1
вспомогательный,1
вспыльчивый,-1
вставной,0
встречный,0
вступительный,0
всякий,0
всяческий,-1
вторичный,-1
второстепенный,0
втянутый,-1
вулканический,0
вульгарный,-1
входной,0
входящий,0
вхожий,0
вчерашний,0
вшивый,-1
въедливый,-1
въездной,0
выборный,0
вывихнутый,-1
выводной,0
выгнутый,0
выгодный,1
выдающийся,1
выдвижной,0
выездной,0
выжидательный,0
вызывающий,-1
выигрышный,0
вылитый,0
вымышленный,0
выносливый,1
вынужденный,-1
выполнимый,0
выпуклый,0
выпускной,0
выраженный,0
выразительный,1
высокий,0
высоковольтный,0
высокогорный,0
высококачественный,1
высококвалифицированный,1
высокомерный,-1
высокооплачиваемый,1
высокопарный,1
высокопоставленный,0
высокоразвитый,1
высокородный,0
высокотехнологичный,1
высотный,0
высохший,-1
высочайший,1
высоченный,1
выставочный,0
высший,1
вытертый,-1
вытяжной,0
вытянутый,0
выхлопной,0
выходной,0
выцветший,-1
вычислительный,0
вычурный,-1
вышеизложенный,0
вышеназванный,0
вышеописанный,0
вышеперечисленный,0
вышеприведенный,0
вышесказанный,0
вышестоящий,0
вышеуказанный,0
вышеупомянутый,0
вышитый,0
вьетнамский,0
вьюжный,0
вьючный,0
вьющийся,0
вяжущий,0
вязаный,0
вязкий,0
вяленый,0
вялотекущий,-1
вялый,-1
вятский,0
вящий,0
гавайский,0
гадкий,-1
гаечный,0
газетный,0
газовый,0
газообразный,0
галактический,0
галантерейный,0
галантный,1
гальванический,0
гамбургский,0
гангренозный,-1
гарантийный,0
гарантированный,1
гардеробный,0
гармонический,0
гармоничный,1
гарнизонный,0
гастрольный,0
гастрономический,0
гаубичный,0
гвардейский,0
гемолитический,0
геморрагический,-1
генеральный,0
генеральский,0
генетический,0
гениальный,1
генный,0
географический,0
геодезический,0
геологический,0
геометрический,0
геополитический,0
георгиевский,0
гербовый,0
германский,0
герметический,0
герметичный,1
геройский,1
героический,1
гибельный,-1
гибкий,0
гиблый,-1
гигантский,1
гигиенический,0
гимназический,0
гимнастический,0
гинекологический,0
гипертонический,-1
гипертрофированный,-1
гипнотический,0
гипотетический,0
гипсовый,0
гитарный,0
гитлеровский,-1
главнейший,1
главный,1
гладкий,0
глазастый,1
глазной,0
гласный,0
глинистый,0
глинобитный,0
глиняный,0
глобальный,1
глубинный,0
глубокий,0
глубоководный,0
глубокомысленный,1
глубокоуважаемый,1
глубочайший,1
глумливый,-1
глупейший,-1
глупенький,-1
глуповатый,-1
глупый,-1
глуховатый,-1
глухой,0
глухонемой,0
глянцевитый,0
глянцевый,0
гневный,-1
гнедой,0
гнетущий,-1
гнилой,-1
гнилостный,-1
гноеродный,-1
гнойный,-1
гнусавый,-1
гнусный,-1
гнутый,0
говорливый,0
говорящий,0
говяжий,0
гоголевский,0
годичный,0
годный,1
годовалый,0
годовой,0
голенастый,0
голенький,0
голландский,0
голливудский,0
головастый,1
головной,0
головокружительный,1
голодный,-1
голосистый,1
голосовой,0
голубенький,0
голубиный,0
голубоватый,0
голубовский,0
голубоглазый,0
голубой,0
голый,-1
гомеопатический,0
гомосексуальный,-1
гонимый,-1
гоночный,0
гончий,0
горбатый,-1
горбоносый,0
горделивый,0
гордый,1
горелый,-1
горемычный,-1
горестный,-1
горизонтальный,0
горластый,1
горловой,0
гормональный,0
горничный,0
горнолыжный,0
горный,0
городской,0
гороховый,0
гортанный,0
горький,-1
горьковатый,-1
горьковский,0
горючий,0
горяченький,1
горячечный,-1
горячий,0
горячительный,0
госпитальный,0
господний,0
господский,-1
господствующий,0
гостевой,0
гостеприимный,1
гостиничный,0
гостиный,0
государев,0
государственно,0
государственный,0
готический,0
готовенький,-1
готовый,1
гофрированный,0
грабительский,-1
гравитационный,0
гражданский,0
грамматический,0
грамотный,1
гранатный,0
гранатовый,0
грандиозный,1
граненый,0
гранитный,1
графический,0
графский,0
грациозный,0
гремучий,0
греховный,-1
грецкий,0
греческий,0
гречневый,0
грешный,-1
грибковый,0
грибной,0
гробовой,-1
грозненский,0
грозный,0
грозовой,0
громадный,1
громкий,0
громовый,0
громоздкий,-1
громоподобный,0
гротескный,-1
грошовый,-1
грубоватый,-1
грубый,-1
грудастый,0
грудной,0
груженый,0
грузинский,0
грузный,-1
грузовой,0
грунтовый,0
групповой,0
грустный,-1
грядущий,0
грязевый,0
грязноватый,-1
грязный,-1
губастый,-1
губернаторский,0
губернский,0
губительный,-1
губной,0
гулкий,0
гулящий,0
гуманистический,1
гуманитарный,1
гуманный,1
гусарский,1
гусеничный,0
гусиный,0
густой,0
давешний,0
давний,0
давнишний,0
давящий,-1
дагестанский,0
далекий,0
дальневосточный,0
дальнейший,0
дальний,0
дальнобойный,0
дальновидный,1
дамский,0
данный,0
дареный,0
дармовой,-1
даровой,0
дарственный,0
датский,0
дачный,0
двадцатилетний,0
дверной,0
двигательный,0
движимый,0
движущий,0
двойной,0
двойственный,0
дворницкий,-1
дворовый,0
дворцовый,0
дворянский,0
двоюродный,0
двоякий,-1
дебелый,-1
дебютный,1
девичий,1
девственный,0
девчоночий,0
девятнадцатилетний,0
дегенеративный,-1
дегтярный,0
дедов,0
дедовский,0
дедушкин,1
дежурный,0
дезинфицирующий,1
действенный,1
действительный,0
действующий,1
декабрьский,0
декоративный,0
деланный,-1
деликатный,1
делимый,0
деловитый,1
деловой,1
дельный,1
демографический,0
демократический,1
демократичный,1
демонический,-1
демонстративный,-1
демонстрационный,0
денежный,0
деповский,0
депрессивный,-1
депутатский,0
деревенский,0
деревянный,0
державный,0
дерзкий,0
дерьмовый,-1
десантный,0
деструктивный,-1
детальный,1
детдомовский,-1
детективный,0
детородный,0
детский,0
дефективный,-1
дефицитный,-1
дешевенький,-1
дешевый,-1
деятельный,1
джазовый,0
джентльменский,1
джинсовый,0
диагностический,0
диалектический,0
диаметральный,0
диванный,0
диверсионный,-1
дивизионный,0
дивный,1
диетический,0
дизельный,0
дикий,-1
диковатый,-1
диковинный,1
динамический,0
динамичный,1
дипломатический,0
дипломатичный,1
дипломированный,1
дипломный,0
директорский,1
дирижерский,0
дискуссионный,0
диспепсический,0
диспетчерский,0
диссидентский,0
дистанционный,0
дистиллированный,0
дистрофический,-1
дисциплинарный,-1
дисциплинированный,1
дифференциальный,0
диффузный,0
длиннейший,1
длиннобородый,0
длинноволосый,0
длинноногий,0
длинноносый,0
длиннополый,0
длинный,0
длиннющий,1
длительный,0
дневниковый,0
дневной,0
днепровский,0
добавочный,0
доблестный,1
добрейший,1
добренький,-1
добровольный,1
добродушный,1
доброжелательный,1
доброкачественный,0
добропорядочный,1
добросовестный,1
добротный,1
добрый,1
доверенный,1
доверительный,1
доверчивый,1
довоенный,0
довольный,1
догадливый,1
договорной,0
дождевой,0
дождливый,0
дозорный,0
доисторический,0
доказательный,0
докладной,0
докторский,0
документально,0
документальный,0
докучливый,-1
долгий,0
долговечный,1
долговой,-1
долговременный,0
долговязый,-1
долгожданный,1
долгосрочный,0
должностной,0
должный,0
долларовый,0
домашний,0
доминирующий,0
домовитый,1
домовый,0
доморощенный,-1
домотканый,0
донный,0
донорский,1
дополнительный,0
допотопный,-1
допустимый,0
дореволюционный,0
дороговатый,-1
дорогой,1
дорогостоящий,1
дородный,0
дорожный,0
досадливый,-1
досадный,-1
доскональный,1
досрочный,1
достаточный,1
достигнутый,1
достижимый,1
достоверный,1
достойный,1
достопамятный,0
достопочтенный,1
доступный,1
досужий,-1
дотошный,1
дохлый,-1
доходный,0
доходчивый,1
дочерний,0
дошкольный,0
дошлый,0
дощатый,0
драгоценный,1
дражайший,-1
драконий,0
драконов,0
драматический,0
драматичный,-1
драный,-1
драповый,0
драчливый,-1
древесный,0
древнегреческий,0
древнейший,1
древнерусский,0
древний,0
дремотный,0
дремучий,-1
дрессированный,0
дробный,0
дровяной,0
дроздовый,0
другой,0
дружелюбный,1
дружеский,1
дружественный,1
дружный,1
дряблый,-1
дрянный,-1
дряхлый,-1
дубовый,0
думский,0
дурацкий,-1
дурашливый,-1
дурий,-1
дурной,-1
духовный,1
духовой,0
душевнобольной,-1
душевный,1
душевой,0
душераздирающий,-1
душистый,1
душный,-1
дымный,0
дымовой,0
дымчатый,0
дырявый,-1
дыхательный,0
дьявольский,-1
дюжий,1
дюралевый,0
дядин,0
евангельский,0
еврейский,0
европейский,0
египетский,0
единичный,0
единодушный,0
единоличный,0
единственный,0
единый,1
едкий,-1
ежегодный,0
ежедневный,0
ежемесячный,0
ежеминутный,0
еженедельный,0
ежесекундный,0
ежовый,0
ездовой,0
екатеринбургский,0
екатерининский,0
елейный,0
елисейский,0
еловый,0
елочный,0
емкий,1
еретический,0
ерундовый,-1
ершовый,0
естественный,0
ехидный,-1
жадный,-1
жалкий,-1
жалобный,-1
жалостливый,-1
жандармский,0
жареный,0
жаркий,1
жаропонижающий,0
жгучий,0
жевательный,0
желаемый,1
желанный,1
желательный,1
железистый,0
железнодорожный,0
железный,0
железобетонный,0
желтенький,1
желтоватый,0
желторотый,-1
желтушный,-1
желтый,0
желудочковый,0
желудочный,0
желчегонный,0
желчный,-1
жемчужный,1
женатый,0
женевский,0
женин,0
женихов,0
женский,0
женственный,0
жертвенный,1
жесткий,0
жестковатый,0
жестокий,-1
жесточайший,-1
жестяной,0
жженый,0
живейший,1
живительный,1
живой,1
живописный,1
животный,0
живучий,1
жигулевский,0
жиденький,-1
жидкий,0
жидовский,-1
жизненный,0
жизнерадостный,1
жизнеутверждающий,1
жилистый,1
жилищно,0
жилищный,0
жилой,0
жирный,-1
жировой,0
житейский,0
журавлевый,0
журавлиный,0
журналистский,0
журнальный,0
жуткий,-1
жутковатый,-1
жухлый,-1
забавный,1
забайкальский,0
забитый,0
заблудший,-1
заботливый,1
забытый,-1
заведомый,0
заветный,1
завидный,1
зависимый,-1
завистливый,-1
завитой,0
заводной,0
заводской,0
заволжский,0
завтрашний,0
загадочный,1
заглавный,0
загнанный,-1
загнутый,0
заговорщический,0
загорелый,0
загородный,0
заградительный,0
заграничный,0
загробный,-1
заданный,0
задиристый,-1
задний,0
задорный,1
задумчивый,0
задунайский,0
задушевный,1
заезжий,0
зажигательный,1
зажиточный,0
зазорный,-1
заиндевелый,0
заинтересованный,1
закадычный,0
заказной,0
закаленный,1
закатный,0
заключительный,0
заклятый,-1
заколдованный,-1
законный,1
законодательный,1
закономерный,1
законопослушный,1
закоренелый,-1
закрытый,0
закулисный,-1
закусочный,0
залетный,0
заливной,0
залихватский,1
заманчивый,1
замаскированный,0
заметный,1
замечательный,1
замкнутый,-1
замковый,0
замогильный,-1
заморский,0
замотанный,-1
замочный,0
замужний,0
замшевый,0
замшелый,-1
замысловатый,1
занимательный,1
заносчивый,-1
заношенный,-1
занудный,-1
занятный,1
занятый,1
заоблачный,0
заокеанский,0
заочный,0
западноберлинский,0
западногерманский,0
западноевропейский,0
западный,0
запальчивый,-1
запасной,0
записной,0
заплаканный,-1
заплесневелый,-1
заплечный,0
заповедный,1
запоздалый,-1
запойный,-1
заполярный,0
запорожский,0
заправочный,0
заправский,0
запредельный,0
запретный,-1
запуганный,-1
запутанный,-1
запущенный,-1
заработный,0
заразительный,1
заразный,-1
заревой,0
зарецкий,0
заречный,0
зарубежный,0
зарядный,0
засаленный,-1
заселенный,0
заскорузлый,-1
заснеженный,0
заспанный,-1
застарелый,-1
застенчивый,0
застойный,-1
застольный,0
застывший,-1
затаенный,0
затейливый,1
затерянный,0
затруднительный,-1
затухающий,-1
затхлый,-1
затылочный,0
затяжной,-1
затянутый,0
заунывный,-1
заурядный,-1
заученный,-1
захолустный,-1
захудалый,-1
заштатный,-1
защитный,0
заядлый,0
заячий,0
званый,0
звездный,1
звенящий,1
звериный,0
зверский,-1
звонкий,1
звуковой,0
звучащий,0
звучный,1
здешний,0
здоровенный,1
здоровый,0
здравомыслящий,1
здравый,1
зелененький,1
зелено,0
зеленоватый,0
зеленоглазый,0
зеленый,0
земельный,0
земледельческий,0
землистый,0
земляничный,0
земляной,0
земноводный,0
земной,0
земский,0
зенитный,0
зеркальный,0
зернистый,0
зерновой,0
зимний,0
златой,0
злачный,-1
злейший,-1
злобный,-1
злободневный,-1
зловещий,-1
зловонный,-1
зловредный,-1
злодейский,-1
злой,-1
злокачественный,-1
злопамятный,-1
злополучный,-1
злорадный,-1
злостный,-1
злосчастный,-1
злющий,-1
змеиный,-1
знакомый,0
знаменательный,1
знаменитый,1
знатный,1
значащий,1
значимый,1
значительный,1
знающий,1
знойный,0
золотистый,0
золотой,1
золотушный,-1
золоченый,1
зональный,0
зоологический,0
зоркий,1
зрелый,1
зримый,0
зрительный,0
зрительский,0
зрячий,0
зубастый,0
зубной,0
зубчатый,0
зыбкий,0
зычный,1
зябкий,-1
ивовый,0
игольчатый,0
игорный,0
игральный,0
игривый,1
игровой,0
игрушечный,0
идеалистический,1
идеальный,1
идейный,1
идентичный,0
идеологический,0
идиллический,1
идиотский,-1
иезуитский,-1
иерархический,0
иерусалимский,0
избирательный,0
избитый,-1
избранный,0
избыточный,0
известковый,0
известнейший,1
известный,1
извечный,0
извилистый,0
извинительный,-1
извозчичий,0
изворотливый,-1
издательский,0
издевательский,-1
излишний,-1
изломанный,0
излучающий,0
излюбленный,0
изменчивый,-1
измерительный,0
изможденный,-1
измученный,-1
измятый,-1
изначальный,0
изнеженный,-1
изношенный,-1
изнуренный,-1
изнурительный,-1
изобильный,1
изобразительный,1
изобретательный,1
изогнутый,0
изодранный,0
изолированный,0
изоляционный,0
изощренный,-1
израильский,0
изрезанный,0
изрядный,0
изумительный,1
изумленный,0
изумрудный,1
изысканный,1
изящный,1
илистый,0
иллюзорный,0
именитый,0
именной,0
иммиграционный,0
иммунный,0
иммунологический,0
императорский,1
империалистический,0
имперский,0
импозантный,1
импортный,0
импровизированный,0
импульсный,0
имущественный,0
имущий,0
инакомыслящий,0
инвалидный,-1
инвентарный,0
инвестиционный,0
индейский,0
индивидуально,0
индивидуальный,0
индийский,0
индифферентный,0
индустриальный,0
инертный,-1
инженерно,0
инженерный,0
инициативный,1
инкубационный,0
иногородний,0
иноземный,0
иной,0
инопланетный,0
инородный,0
иностранный,0
инстинктивный,0
институтский,0
инструментальный,0
интегральный,0
интеллектуальный,1
интеллигентный,1
интеллигентский,0
интендантский,0
интенсивный,1
интереснейший,1
интересный,1
интернациональный,0
интернированный,0
интимный,0
интригующий,1
интуитивный,1
инфантильный,-1
инфекционный,-1
инфицированный,-1
информативный,1
информационно,0
информационный,0
информированный,1
инфракрасный,0
йогический,0
йоркский,0
иракский,0
иранский,0
иркутский,0
ирландский,0
иронический,0
ироничный,1
иррациональный,0
искаженный,-1
искательный,0
исключительный,1
искомый,0
исконный,0
ископаемый,0
искренний,1
искристый,1
искусный,1
искусственный,0
искушенный,1
исламский,0
испанский,0
исподний,0
исполинский,0
исполнительный,1
исправительно,-1
исправительный,-1
исправный,1
испуганный,-1
испытанный,0
испытательный,0
испытуемый,0
испытующий,0
исследовательский,0
иссохший,-1
исступленный,-1
истекший,-1
истерический,-1
истеричный,-1
истертый,-1
истинный,1
истовый,1
историко,0
исторический,0
истошный,-1
истощенный,-1
истребительный,-1
исходный,0
исходящий,0
исчерпывающий,1
итальянский,0
итоговый,0
иудейский,0
ишемический,0
ищущий,0
июльский,0
июньский,0
кабельный,0
кабинетный,0
кавалерийский,0
каверзный,-1
кавказский,0
кадетский,0
кадмиевый,0
кадровый,0
каждодневный,0
каждый,0
кажущийся,0
казанский,0
казарменный,0
казахский,0
казахстанский,0
казацкий,0
казачий,0
казенный,0
каков,0
каковой,0
какой,0
каленый,0
калининский,0
калифорнийский,0
каллиграфический,1
калорийный,1
калужский,0
каменистый,0
каменный,0
камерный,0
каминный,0
камуфляжный,0
камчатский,0
камышовый,0
канадский,0
канализационный,0
канареечный,0
канатный,0
кандидатский,0
каневский,0
канонический,0
канцелярский,0
капельный,0
капиталистический,0
капитальный,0
капитанский,0
капризный,-1
капроновый,0
капустный,0
каракулевый,0
карандашный,0
карантинный,0
карасевый,0
карательный,0
караульный,0
кардинальный,0
кареглазый,0
карельский,0
карибский,0
карий,0
карликовый,0
карманный,0
карнавальный,0
карповый,0
картавый,-1
картинный,-1
картонный,0
картофельный,0
карточный,0
карьерный,0
касательный,0
каспийский,0
кассовый,0
касторовый,0
катаральный,0
катастрофический,-1
категорический,0
категоричный,-1
католический,0
каторжный,0
каучуковый,0
кафедральный,0
кафельный,0
качественный,1
каштановый,0
квадратный,0
квалифицированный,1
квантовый,0
квартальный,0
квартирный,0
квашеный,0
квелый,-1
кедровый,0
кемеровский,0
керамический,0
керосиновый,0
керченский,0
кесарев,0
кибернетический,0
киевский,0
килограммовый,0
километровый,0
кинематографический,0
киношный,-1
кипарисовый,0
кипрский,0
кипучий,1
кипяченый,0
киргизский,0
кирзовый,0
кировский,0
кирпичный,0
кисейный,-1
кислородный,0
кислотный,0
кислый,-1
китайский,0
кишечный,-1
клавишный,0
кладбищенский,-1
классический,0
классный,1
классовый,0
клеветнический,-1
клеенчатый,0
клейкий,0
кленовый,0
клеточный,0
клетчатый,0
климактерический,0
климатический,0
клинический,0
клочковатый,-1
клубничный,0
клубный,0
клыкастый,0
клюквенный,0
ключевой,1
клятвенный,1
книжный,0
княжеский,0
кованый,0
коварный,-1
ковбойский,0
ковровый,0
ковшовый,0
когтистый,-1
кодовый,0
кожаный,0
кожевенный,0
кожный,0
козий,0
козлиный,-1
козловый,-1
козырной,0
кокетливый,-1
кокосовый,0
колбасный,0
колдовской,-1
коленкоровый,0
коленный,0
коленчатый,0
колесный,0
колин,0
количественный,0
колкий,-1
коллежский,0
коллективно,0
коллективный,0
коллекционный,1
колодезный,0
колокольный,0
коломенский,0
колониальный,0
колонный,0
колоритный,1
колоссальный,1
колхозный,0
колченогий,-1
колыбельный,1
колымский,0
колькин,0
кольцевой,0
колючий,-1
колющий,0
командировочный,0
командирский,0
командный,0
командующий,0
комариный,0
коматозный,-1
комбинированный,0
комендантский,0
комиссарский,0
комиссионный,0
комический,0
комичный,-1
коммерческий,0
коммунальный,0
коммунистический,1
комнатный,0
компактный,1
компенсационный,0
компетентный,1
комплексный,0
компьютерный,0
комсомольский,0
комфортабельный,1
комфортный,1
конвойный,-1
кондитерский,0
конечный,0
конкретный,1
конкурентный,0
конкурентоспособный,1
конкурсный,1
конный,0
конопатый,0
консервативный,-1
консервированный,0
консервный,0
конский,0
конспиративный,0
конституциональный,0
конституционный,0
конструктивный,1
конструкторский,0
контактный,1
континентальный,0
конторский,0
контрабандный,-1
контрастный,0
контролируемый,1
контрольно,0
контрольный,0
контрреволюционный,-1
конусообразный,0
конфетный,1
конфиденциальный,1
конфликтный,-1
конфузливый,-1
концентрационный,-1
концентрированный,0
концептуальный,1
концертный,0
конченый,-1
коньячный,0
кооперативный,0
копеечный,-1
копченый,0
корабельный,0
коралловый,0
корейский,0
коренастый,0
коренной,1
коридорный,0
коричневатый,0
коричневый,0
кормовой,0
коробчатый,0
коровий,0
королевский,1
коронарный,0
коронный,0
коротенький,-1
короткий,0
коротковатый,-1
коротконогий,-1
корпоративный,0
корректный,1
корыстный,-1
корявый,-1
косвенный,0
косматый,-1
косметический,0
космический,0
косноязычный,-1
кособокий,-1
косоглазый,-1
косой,-1
косолапый,-1
костистый,-1
костлявый,-1
костный,-1
костяной,0
котельный,0
который,0
кофейный,0
кочевой,0
кочковатый,-1
кошачий,0
кошмарный,-1
кощеев,0
кощунственный,-1
краденый,-1
крадущийся,0
краеведческий,0
краевой,0
краеугольный,1
крайний,0
крамольный,-1
красивейший,1
красивый,1
красненький,1
красноармейский,0
красноватый,0
красноглазый,0
краснодарский,0
краснознаменный,1
краснолицый,0
краснопресненский,0
красноречивый,1
краснорожий,-1
краснощекий,0
красноярский,0
красный,0
красочный,1
красящий,0
краткий,1
кратковременный,0
краткосрочный,0
кратчайший,1
крахмальный,1
крашеный,0
кредитный,0
кремлевский,0
кремневый,0
кремнистый,0
кремовый,0
крепенький,1
крепкий,0
крепостной,0
крепчайший,1
крестный,0
крестовый,0
крестьянский,0
крещеный,0
кривоватый,-1
кривой,-1
кривоногий,-1
кризисный,-1
крикливый,-1
криминальный,-1
кристаллический,0
кристальный,1
критический,-1
кричащий,-1
кровавый,-1
кровельный,0
кровеносный,0
кровный,0
кровожадный,-1
кровопролитный,-1
кровянистый,0
кровяной,0
крокодилов,0
кроличий,0
кромешный,-1
кропотливый,1
кроткий,1
крохотный,0
крошечный,1
кругленький,1
круглолицый,0
круглосуточный,0
круглый,0
круговой,0
кругосветный,0
кружевной,1
крупнейший,1
крупнокалиберный,1
крупномасштабный,1
крупный,1
крутой,1
крученый,1
крылатый,1
крыловой,0
крысиный,-1
крытый,0
крючковатый,-1
кряжистый,0
кубанский,0
кубинский,0
кубический,0
кудлатый,-1
кудрявый,0
кузнецкий,0
кузнечный,0
кузькин,-1
кузьминский,0
кукольный,0
кукурузный,0
кулацкий,0
кулачный,0
кулинарный,0
культовый,1
культурный,1
купальный,0
купейный,0
купеческий,0
кургузый,0
курий,-1
курильский,0
куриный,0
курительный,0
курносый,-1
курортный,0
курсантский,0
курский,0
курсовой,0
курчавый,0
курьезный,-1
курьерский,0
курящий,-1
кустарный,0
кутузовский,0
кухонный,0
куцый,-1
кучерявый,0
лабораторный,0
лавинный,0
лавровый,0
лаврский,0
лагерный,0
ладный,1
ладожский,0
лазерный,0
лазоревый,0
лазурный,0
лайковый,0
лакейский,-1
лакированный,0
лаковый,0
лакомый,1
лаконичный,1
ламповый,0
ласковый,1
латаный,-1
латвийский,0
латинский,0
латунный,0
латышский,0
лающий,0
лебединый,1
левый,0
легавый,-1
легальный,0
легендарный,1
легкий,0
легковерный,-1
легковой,0
легкомысленный,-1
легонький,0
легочный,0
легчайший,1
леденящий,-1
ледниковый,0
ледовитый,0
ледовый,0
ледяной,0
лежалый,-1
лежачий,0
лейтенантский,0
лекарственный,0
ленивый,-1
ленинградский,0
ленинский,0
ленный,0
лепной,0
лесистый,0
лесничий,0
лесной,0
лестничный,0
лестный,1
летальный,-1
летательный,0
летний,0
летный,0
летучий,0
лефортовский,0
лечебно,0
лечебный,0
лживый,-1
либеральный,-1
ливанский,0
ликующий,1
лиловый,0
лимонный,0
лимоновый,0
лимфатический,0
лингвистический,0
линейный,0
линялый,-1
липкий,-1
липовый,0
лирический,1
лисий,0
лиственничный,0
лиственный,0
листовой,0
литейный,0
литературно,0
литературный,1
литовский,0
литой,0
литровый,0
лифтовый,0
лихой,0
лихорадочный,-1
лицевой,0
лицейский,0
лицемерный,-1
лицензионный,1
личностный,0
личный,0
лишенный,-1
лишний,-1
лобастый,1
лобный,0
лобовой,0
ловкий,1
ловчий,0
логический,0
логичный,1
лодочный,0
ложный,-1
локальный,0
локтевой,0
ломаный,0
ломкий,-1
ломовой,0
лондонский,0
лопоухий,-1
лосиный,0
лоскутный,0
лотерейный,0
лохматый,-1
лошадиный,0
лощеный,0
лояльный,1
лубянский,0
луговой,0
лукавый,-1
луковый,0
лунный,0
лупоглазый,-1
лучевой,0
лучезарный,1
лучистый,1
лучший,1
лыжный,0
лыковый,0
лысоватый,-1
лысый,0
львиный,0
льготный,1
льдистый,0
льняной,0
льстивый,-1
любвеобильный,1
любезнейший,-1
любезный,1
люберецкий,0
любимый,1
любительский,-1
любовный,1
любознательный,1
любой,0
любопытный,1
любящий,1
людный,0
людской,0
люминесцентный,0
лютый,-1
лягушачий,-1
магаданский,0
магазинный,0
магистральный,0
магический,1
магнитный,0
магнитофонный,0
мажорный,1
мазутный,0
макаронный,0
маковый,0
максимальный,1
малахитовый,0
малейший,0
маленький,1
малиновый,0
маловатый,0
маловероятный,0
малогабаритный,0
малограмотный,-1
малозаметный,-1
малознакомый,0
малоизвестный,-1
малоимущий,-1
малокровный,-1
малолетний,0
малоподвижный,-1
малопонятный,-1
малоприятный,-1
малорослый,-1
малочисленный,0
малоэффективный,-1
малый,0
мальчишеский,1
мальчишечий,0
малюсенький,0
мамаев,0
маменькин,-1
мамин,1
маневренный,0
маневровый,0
манежный,0
маниакальный,-1
манный,0
маньчжурский,0
манящий,1
мариинский,0
маркий,-1
марксистский,1
марлевый,0
марокканский,0
марсианский,0
мартовский,0
маршальский,0
маршевый,0
маршрутный,0
маскировочный,0
масленый,0
маслянистый,0
масляный,0
масонский,0
массивный,0
массированный,0
массовый,1
мастеровой,0
маститый,1
масштабный,1
математический,0
материалистический,0
материальный,0
материковый,0
материн,0
материнский,1
матерный,-1
матерчатый,0
матерый,1
матовый,0
маточный,0
матросский,0
мафиозный,-1
махонький,-1
махорочный,0
махровый,0
машинальный,0
машинный,0
машинописный,0
машиностроительный,0
мглистый,0
мгновенный,1
мебельный,0
медвежий,0
медикаментозный,0
медицинский,0
медленный,0
медлительный,-1
медный,0
медовый,0
междугородний,0
междугородный,0
международный,0
межзвездный,0
межличностный,0
межнациональный,0
межпланетный,0
мексиканский,0
меланхолический,0
меланхоличный,0
мелкий,-1
мелкобуржуазный,-1
мелковатый,-1
меловой,0
мелодичный,1
мелочной,0
мельничный,0
мельчайший,0
мемориальный,0
менструальный,0
ментальный,0
ментовский,0
меньший,0
меньшой,0
мерзкий,-1
мерзлый,-1
мерный,0
мертвенный,-1
мертвецкий,-1
мертвый,-1
мессианский,0
местечковый,-1
местный,0
месячный,0
металлический,0
металлургический,0
метафизический,0
метельный,0
метеоритный,0
метеорологический,0
метиловый,0
меткий,1
методический,0
методологический,0
метрический,0
метровый,0
механизированный,0
механический,0
меховой,0
меченый,0
мечтательный,1
мешковатый,0
мещанский,-1
мизерный,-1
микробный,-1
микроволновый,0
микроскопический,-1
милейший,1
миленький,1
милицейский,0
миллиметровый,0
миловидный,1
милосердный,1
милостивый,0
милый,1
мимолетный,0
минеральный,0
миниатюрный,1
минимальный,0
министерский,0
минный,0
минометный,0
минувший,0
минутный,0
мирный,0
мировой,0
миролюбивый,1
мирской,0
мистический,1
митин,0
митральный,0
мифический,0
мифологический,0
мичуринский,0
мишин,0
мишкин,0
младенческий,0
младой,0
младшенький,0
младший,0
млечный,0
мнимый,-1
мнительный,-1
многовековый,0
многоголосый,1
многогранный,1
многодетный,0
многодневный,0
многозначительный,1
многократный,0
многолетний,1
многоликий,0
многолюдный,1
многомиллионный,1
многонациональный,1
многообещающий,1
многообразный,1
многоопытный,1
многословный,1
многослойный,1
многострадальный,1
многоступенчатый,1
многотонный,1
многотрудный,1
многотысячный,1
многоуважаемый,1
многоцветный,0
многочасовой,1
многочисленный,1
многоэтажный,0
множественный,0
мобилизационный,0
мобильный,0
могильный,-1
могучий,1
могущественный,1
модельный,0
модернизированный,0
модный,1
можжевеловый,0
мозговой,0
мозолистый,0
мой,0
мокрый,0
молдавский,0
молекулярный,0
молитвенный,0
молниеносный,1
молодежный,0
молоденький,0
молодецкий,0
молодой,0
молодцеватый,-1
моложавый,0
молотовой,0
молотый,0
молочный,0
молчаливый,0
моментальный,1
монархический,0
монастырский,0
монашеский,0
монгольский,0
монолитный,1
монотонный,0
монтажный,0
монументальный,1
моральный,1
мордастый,-1
мореный,0
мореходный,0
моржовый,0
морковный,0
мороженый,0
морозный,0
морской,0
морфологический,0
морщинистый,-1
московский,0
мостовский,0
мостовый,0
мотивационный,0
мотивированный,1
моторный,0
мотострелковый,0
мотоциклетный,0
мохнатый,0
моховой,0
мочевой,0
мочегонный,0
мочеиспускательный,0
моченый,0
мощеный,0
мощнейший,1
мощный,1
моющий,0
мраморный,1
мрачноватый,-1
мрачный,-1
мстительный,-1
муаровый,0
мудрейший,1
мудреный,-1
мудрый,1
мужественный,1
мужицкий,-1
мужичий,-1
мужнин,0
мужской,0
музейный,0
музыкальный,0
муниципальный,0
муравьиный,0
мускулистый,1
мускульный,0
мусорный,-1
мусульманский,0
мутноватый,-1
мутный,-1
мученический,-1
мучительный,-1
мучной,0
мушиный,0
мшистый,0
мыльный,0
мысленный,0
мыслимый,1
мыслительный,0
мыслящий,1
мытый,0
мышечный,0
мыший,0
мышиный,0
мюнхенский,0
мягкий,0
мясистый,0
мясницкий,0
мясной,0
мятежный,-1
мятный,0
мятый,-1
набедренный,0
набитый,0
наблюдательный,1
набожный,0
наболевший,-1
наборный,0
наваристый,1
навесной,0
навигационный,0
наводящий,0
навозный,-1
навязчивый,-1
нагловатый,-1
наглый,-1
наглядный,1
нагой,0
наградной,0
нагрудный,0
надворный,0
надгробный,-1
надежный,1
надельный,0
надлежащий,1
надменный,-1
надобный,0
надоедливый,-1
надрывный,-1
надсадный,-1
надтреснутый,-1
надувной,0
надуманный,-1
надутый,-1
наезженный,0
наемный,0
наждачный,0
наживной,0
наземный,0
назидательный,0
назойливый,-1
наибольший,0
наивный,-1
наивысший,1
наигранный,-1
наилучший,1
наименьший,0
наказуемый,-1
накладной,0
накладный,-1
наклонный,0
налитой,0
наличный,0
налоговый,0
намеренный,0
наполеоновский,0
напористый,1
напрасный,-1
напряженный,-1
напускной,-1
напутственный,1
напыщенный,-1
нареченный,0
наркотический,-1
народный,1
нарочитый,-1
наружный,0
нарядный,1
населенный,0
насильственный,-1
наследный,0
наследственный,0
насмешливый,-1
наставительный,0
настенный,0
настойчивый,1
настольный,0
настороженный,-1
настоятельный,1
настоящий,1
наступательный,1
настырный,-1
насущный,1
насыщенный,1
нательный,0
натужный,-1
натуральный,1
натянутый,0
научный,1
нахальный,-1
находчивый,1
националистический,0
национальный,0
нацистский,-1
начальный,0
начальственный,-1
начинающий,0
начитанный,1
наш,0
нашатырный,0
нашенский,-1
неадекватный,-1
неаккуратный,-1
небезопасный,-1
небезразличный,1
небезызвестный,1
небезынтересный,1
небесный,0
неблаговидный,-1
неблагодарный,-1
неблагополучный,-1
неблагоприятный,-1
неблагородный,-1
неблизкий,0
небогатый,-1
небольшой,0
небрежный,0
небритый,0
неброский,1
небывалый,1
неважный,-1
неведомый,0
невежественный,-1
невежливый,-1
невезучий,-1
невеликий,0
неверный,0
невероятный,1
неверующий,0
невеселый,-1
невесомый,0
невзрачный,-1
невиданный,1
невидимый,0
невидный,0
невидящий,0
невиновный,1
невкусный,-1
невменяемый,-1
невнимательный,-1
невнятный,-1
невозвратимый,0
невозможный,0
невозмутимый,1
невольный,0
невообразимый,0
невооруженный,0
невоспитанный,-1
невостребованный,-1
невразумительный,-1
невредимый,1
неврологический,0
невротический,-1
невский,0
невыгодный,-1
невыносимый,-1
невыполнимый,-1
невыразимый,0
невыразительный,-1
невысказанный,0
невысокий,0
невыспавшийся,-1
невыясненный,0
негативный,-1
негласный,0
неглубокий,0
неглупый,1
негнущийся,0
негодный,-1
негодующий,0
неграмотный,-1
негритянский,0
негромкий,0
негустой,0
недавний,0
недалекий,0
недвижимый,0
недвижный,0
недвусмысленный,0
недействительный,-1
неделимый,0
недельный,0
недетский,0
недешевый,-1
недлинный,0
недобитый,-1
недобросовестный,-1
недобрый,-1
недоверчивый,0
недовольный,-1
недозволенный,-1
недозрелый,-1
недокуренный,-1
недолгий,-1
недолговечный,-1
недоношенный,-1
недописанный,-1
недопустимый,-1
недоразвитый,-1
недорогой,-1
недостаточный,-1
недостающий,0
недостижимый,1
недостойный,-1
недостроенный,-1
недоступный,0
недосягаемый,1
недоуменный,0
недружелюбный,-1
недурной,0
недюжинный,1
неестественный,0
нежданный,0
нежелательный,-1
неженатый,0
неживой,-1
нежилой,0
нежирный,0
нежнейший,1
нежный,1
незабвенный,1
незабываемый,1
незавершенный,0
незавидный,-1
независимый,1
незадачливый,-1
незажженный,0
незаконный,-1
незаконченный,0
незакрытый,0
незаменимый,1
незаметный,0
незамеченный,0
незамужний,0
незамысловатый,-1
незапамятный,0
незапертый,0
незаслуженный,-1
незатейливый,-1
незаурядный,1
незащищенный,0
незваный,-1
нездешний,0
нездоровый,-1
неземной,1
незлобивый,1
незнаемый,0
незнакомый,0
незначительный,-1
незрелый,-1
незримый,0
незрячий,0
незыблемый,1
неизбежный,0
неизбывный,0
неизведанный,0
неизвестный,0
неизгладимый,1
неизлечимый,-1
неизменный,0
неизмеримый,0
неизъяснимый,0
нейлоновый,0
неимоверный,0
неимущий,-1
неинтересный,-1
неискренний,-1
неискушенный,-1
неисправимый,-1
неисправный,-1
неиссякаемый,1
неистовый,0
неистощимый,1
неистребимый,0
неисчерпаемый,1
неисчислимый,1
нейтральный,0
нейтринный,0
нейтронный,0
неказистый,-1
некачественный,-1
некий,0
неколебимый,1
некоммерческий,0
неконтролируемый,-1
некорректный,-1
некоторый,0
некрасивый,-1
некрашеный,0
некрепкий,-1
некротический,-1
некрупный,0
некультурный,-1
некурящий,1
неладный,-1
неласковый,-1
нелегальный,-1
нелегкий,-1
нелепый,-1
нелишний,0
неловкий,-1
нелогичный,-1
нелюбимый,-1
нелюдимый,-1
немаловажный,1
немалый,1
нематериальный,0
немедленный,0
немецкий,0
немецко,0
немигающий,0
немилосердный,-1
неминуемый,0
немногословный,0
немногочисленный,0
немодный,-1
немой,0
немолодой,-1
немощный,-1
немудреный,-1
немудрящий,0
немыслимый,0
немытый,-1
ненавистный,-1
ненавязчивый,-1
ненаглядный,1
ненадежный,-1
ненаписанный,-1
ненастный,-1
ненастоящий,0
ненасытный,-1
ненатуральный,-1
ненормальный,-1
ненужный,-1
необдуманный,-1
необитаемый,0
необозримый,0
необоримый,0
необоснованный,-1
необразованный,-1
необратимый,0
необременительный,0
необузданный,-1
необходимый,1
необъясненный,0
необъяснимый,0
необъятный,1
необыкновенный,0
необычайный,1
необычный,0
необязательный,-1
неоглядный,0
неограниченный,0
неодинаковый,0
неоднозначный,0
неоднократный,0
неодолимый,0
неодушевленный,0
неожиданный,0
неоконченный,0
неоновый,0
неопасный,1
неописуемый,0
неопознанный,0
неоправданный,-1
неопределенный,0
неопровержимый,0
неопрятный,-1
неопубликованный,0
неопытный,-1
неорганизованный,-1
неорганический,0
неординарный,1
неосвещенный,0
неосмотрительный,-1
неосознанный,0
неоспоримый,0
неосторожный,-1
неосуществимый,-1
неотвратимый,0
неотвязный,-1
неотделимый,0
неотесанный,-1
неотличимый,0
неотложный,1
неотразимый,1
неотступный,0
неотъемлемый,1
неофициальный,0
неоценимый,0
неощутимый,0
непередаваемый,0
непереносимый,-1
непечатный,-1
неписаный,0
неплохой,0
непобедимый,1
неповадный,-1
неповоротливый,-1
неповторимый,1
непогрешимый,1
неподатливый,0
неподвижный,0
неподвластный,1
неподготовленный,0
неподдельный,0
неподкупный,1
неподражаемый,1
неподходящий,-1
неподъемный,0
непозволительный,-1
непоколебимый,1
непокорный,0
непокрытый,0
неполноценный,-1
неполный,-1
неположенный,0
непомерный,-1
непонимающий,0
непонятливый,-1
непонятный,-1
непонятый,0
непоправимый,-1
непорочный,0
непорядочный,-1
непосвященный,0
непоседливый,0
непосильный,-1
непослушный,-1
непосредственный,0
непостижимый,0
непостоянный,0
непотребный,-1
непохожий,0
непочтительный,-1
неправдоподобный,-1
неправедный,0
неправильный,-1
неправый,-1
непрактичный,-1
непревзойденный,1
непредвиденный,0
непредсказуемый,0
непреклонный,0
непрекращающийся,0
непреложный,1
непременный,0
непреодолимый,0
непререкаемый,0
непрерывный,0
непрестанный,0
неприветливый,-1
непривычный,0
неприглядный,-1
непригодный,-1
неприемлемый,-1
непризнанный,-1
неприкаянный,-1
неприкосновенный,-1
неприкрытый,0
неприличный,-1
неприметный,-1
непримиримый,1
непринужденный,0
непристойный,-1
неприступный,1
непритязательный,0
неприхотливый,0
неприязненный,-1
неприятельский,-1
неприятный,-1
непробиваемый,0
непроглядный,-1
непродолжительный,-1
непрозрачный,0
непроизвольный,0
непролазный,0
непромокаемый,0
непроницаемый,0
непропорциональный,-1
непростительный,-1
непростой,0
непрофессиональный,-1
непроходимый,-1
непрочный,-1
непрошеный,-1
непрямой,0
непутевый,-1
непьющий,1
неработающий,-1
нерабочий,-1
неравнодушный,1
неравномерный,-1
неравный,0
нерадивый,-1
неразборчивый,-1
неразвитый,-1
неразгаданный,-1
неразговорчивый,-1
неразделенный,0
неразличимый,-1
неразлучный,0
неразрешимый,-1
неразрывный,0
неразумный,-1
нераскрытый,0
нерасторопный,-1
нервный,-1
нервозный,-1
нереализованный,-1
нереальный,0
нерегулярный,-1
нередкий,0
нерезкий,0
нерешенный,-1
нерешительный,-1
неровный,-1
нерусский,0
нерушимый,1
неряшливый,-1
несанкционированный,0
несбывшийся,-1
несбыточный,-1
несведущий,-1
несвежий,-1
несветский,-1
несвободный,-1
несвоевременный,-1
несвойственный,-1
несгибаемый,1
несговорчивый,-1
несгораемый,1
несдержанный,-1
несекретный,0
несерьезный,-1
несильный,-1
несказанный,-1
нескладный,-1
нескончаемый,1
нескромный,-1
нескрываемый,0
несложный,0
неслыханный,0
неслышный,0
несметный,1
несмываемый,0
несносный,-1
несовершеннолетний,0
несовершенный,-1
несовместимый,-1
несовременный,-1
несогласный,0
несознательный,-1
несоизмеримый,0
несокрушимый,1
несолидный,-1
несомненный,1
несостоявшийся,-1
несостоятельный,-1
неспецифический,0
неспешный,0
неспокойный,0
неспособный,-1
несправедливый,-1
несравненный,1
несравнимый,0
нестабильный,-1
нестандартный,0
нестарый,0
нестерпимый,-1
нестройный,0
несуразный,-1
несусветный,-1
несущественный,0
несуществующий,0
несущий,0
несчастливый,-1
несчастный,-1
несчетный,0
несъедобный,-1
нетвердый,-1
нетерпеливый,-1
нетерпимый,0
нетипичный,0
нетленный,1
неторопливый,0
неточный,-1
нетрадиционный,0
нетрезвый,-1
нетривиальный,1
нетронутый,0
неубедительный,-1
неубранный,-1
неуважительный,-1
неуверенный,-1
неугодный,-1
неугомонный,-1
неудавшийся,-1
неудачливый,-1
неудачный,-1
неудержимый,1
неудивительный,0
неудобный,-1
неудовлетворенный,-1
неудовлетворительный,-1
неуемный,0
неузнаваемый,0
неуклюжий,-1
неукоснительный,1
неукротимый,1
неуловимый,1
неумелый,-1
неумеренный,-1
неуместный,-1
неумный,-1
неумолимый,1
неумолчный,0
неунывающий,1
неуправляемый,-1
неуравновешенный,-1
неурочный,0
неуставной,-1
неустанный,1
неустойчивый,-1
неусыпный,1
неутешительный,-1
неутоленный,0
неутомимый,1
неучтенный,0
неуютный,-1
неуязвимый,1
неформальный,0
нефритовый,0
нефтеперерабатывающий,0
нефтяной,0
нехитрый,0
нехороший,-1
нецелесообразный,-1
нецензурный,-1
нечастый,0
нечаянный,0
нечеловеческий,0
нечесаный,-1
нечестивый,0
нечестный,-1
нечеткий,-1
нечистоплотный,-1
нечистый,-1
нечленораздельный,-1
неширокий,0
нештатный,0
нешуточный,-1
неэффективный,-1
неявный,0
неяркий,-1
неясный,-1
нижегородский,0
нижний,0
низенький,-1
низкий,0
низкорослый,-1
низменный,-1
низовой,0
низший,-1
никакой,-1
никелированный,0
никитский,0
николаевский,0
никотиновый,0
никудышный,-1
никчемный,-1
нинкин,0
ничей,-1
ничейный,-1
ничтожный,-1
нищенский,-1
нищий,-1
нобелевский,1
новгородский,0
новейший,1
новенький,1
новехонький,1
новобрачный,0
новогодний,1
новодевичий,0
новоиспеченный,1
новомодный,1
новоприбывший,0
новорожденный,1
новосибирский,0
новоявленный,1
новый,1
ножевой,-1
ножной,0
ноздреватый,0
номенклатурный,0
номерной,0
номинальный,0
норвежский,0
норильский,0
норковый,0
нормальный,0
нормативный,0
носатый,0
носовой,0
ностальгический,0
нотариальный,0
нотный,0
ночной,0
ноющий,-1
ноябрьский,0
нравоучительный,-1
нравственный,1
нудный,-1
нужный,1
нулевой,0
нутряной,0
нынешний,0
нюрнбергский,0
обалделый ,0
обаятельный,1
обвалистый,0
обвалочный,0
обвальный,0
обварной,0
обварочный,0
обвёрточный,0
обветревший,0
обветрелый ,0
обветренный,0
обветшалый,0
обвивочный,0
обвинительный,-1
обвислый,-1
обводнительный,0
обводный,0
обворожительный,1
обвязочный,0
обгонный,0
обгоночный,0
обгорелый,-1
обделённый,-1
обделистый ,0
обделочный,0
обдёрганный,0
обдирный,0
обдирочный,0
обдуманный,1
обеденный,0
обеднелый ,-1
обеднённый,-1
обезболивающий,1
обезглавленный,-1
обездоленный,-1
обезлиственный,0
обезличенный,-1
обезображенный,-1
обезоруживающий,0
обезумевший,-1
обезумелый ,-1
обезьяний,-1
обезьяноподобный,0
обезьянский ,0
обелисковый,0
обельный ,0
обер-офицерский,0
обёрточный,0
обескровленный,-1
обескураженный ,-1
обеспеченный,1
обеспечительный,1
обеспокоенный,-1
обессиленный,-1
обессмысленный,-1
обесцвеченный,-1
обетный,0
обетованный ,1
обещанный,1
обещающий,0
обжарочный,0
обживчивый ,0
обжигальный,0
обжигательный,0
обжигный ,0
обжиговый,0
обжимной ,0
обжимный,0
обжимочный,0
обжиночный,0
обжитой,0
обжорливый ,-1
обжорный ,0
обзорный,0
обивной,0
обивочный,0
обидный,-1
обидчивый,-1
обиженный,-1
обильный,1
обиняковый ,-1
обитаемый,0
обительский,0
обиходливый ,0
обиходный,0
обкатанный,0
обкатной,0
обкатный,0
обкаточный,0
обкладочный,0
обкомовский,0
обкраденный,-1
обкуренный,-1
обкусанный,-1
облавный,0
облагораживающий,1
облагороженный,1
облакообразный,0
областнический ,0
областной,0
облаточный,0
облачный,0
облегчающий,1
облегчённый,1
облегчительный ,0
обледенелый,0
облезлый,-1
облесительный,0
облётанный,0
облетелый,0
обливной,0
облигационный,0
облизанный,-1
облинялый,0
облицовочный,0
обличительный,-1
обличительский ,0
обловный,0
облоговый,0
обложечный,0
обложковый ,0
обложной,0
обломный,0
обломовский ,0
обломочный,0
облупленный,-1
облыжный ,0
облыселый,0
облюбленный ,0
обмазочный,0
обманный,-1
обманчивый,-1
обмелелый,0
обменный,0
обмёрзлый,-1
обмерный,0
обмерочный,0
обмёточный,0
обмолоточный,0
обморочный,-1
обмоточный,0
обмундировочный,0
обмывочный,0
обмызганный ,-1
обмяклый ,-1
обнадёживающий,1
обнажённый,0
обнищалый ,-1
обновительный,0
обновительский,0
обновлённый,1
обновленческий,0
обносившийся,-1
обношенный ,-1
обобщённый,0
обобществлённый,0
обогатительный,0
обогревательный,1
ободковый,0
ободный,0
ободовый,0
ободочный,0
ободранный,-1
ободрённый,1
ободрительный,1
ободряющий,1
обоеполый,0
обоечный,0
обозный,0
обозримый,0
обойный,0
оболваненный ,-1
оболочечный,0
оболочковый,0
обольстительный,1
обомлевший,-1
обомлелый ,-1
обомшалый ,0
обомшелый,0
обонятельный,0
обопрелый,0
оборванный,-1
оборонительный,0
оборонный,1
обороноспособный,1
оборотистый ,-1
оборотливый ,-1
оборотный,0
оборчатый ,0
обоснованный,1
обособленный,0
обострённый,1
обочный,0
обоюдный,0
обоюдовыгодный,0
обоюдоострый,0
обоюдосторонний,0
обработанный,0
обработочный,0
обрадованный,1
образной ,0
образный,0
образованный,1
образовательный,1
образцовый,1
обратимый,0
обратный,0
обращаемый,0
обрезковый,0
обрезной,0
обрезный,0
обрезочный,0
обременённый,-1
обременительный,-1
обречённый,-1
обритый,-1
обронный ,0
оброчный,0
обрубной,0
обрубочный,0
обрусевший ,0
обручальный,0
обручённый,0
обручный,0
обрушенный,0
обрывистый,0
обрывочный,0
обрывчатый,0
обрытый,0
обрюзглый ,-1
обрюзгший,-1
обрядливый ,0
обрядный ,0
обрядовый,0
обсеменённый ,0
обсеменительный,0
обсерваторский,0
обсервационный,0
обсечённый,0
обсидиановый,0
обсиженный ,-1
обскурантистский,0
обскурантский,0
обследованный,0
обследовательский,0
обслуживающий,0
обсосанный,-1
обсохлый ,-1
обстановочный,0
обстоятельный,1
обстоятельственный,0
обстрелянный,0
обстроганный,0
обструкционистский,0
обструкционный,0
обсыпной,0
обтачной,0
обтекаемый,0
обтёрханный ,-1
обтирочный,0
обтрёпанный,-1
обтюраторный,0
обтяжечный,0
обтяжной,0
обтянутый,0
обувной,0
обутый,0
обученный,1
обушковый,0
обушный,0
обходительный,1
обходный,0
обшарканный ,0
обшарпанный ,-1
обшивной,0
обшивочный,0
обширный,1
обшлажный,0
обшлёпанный ,-1
обшмыганный ,-1
общеармейский,0
общебуржуазный,0
общевойсковой,0
общегородской,0
общегосударственный,0
общегражданский,0
общедемократический,0
общедоступный,1
общеевропейский,0
общежитейский ,0
общежительный,0
общежительский ,0
общежитский ,0
общезаводский,0
общезначимый,1
общеизвестный,1
общеинститутский,0
общекрестьянский,0
общелитературный,0
общенародный,1
общенаучный,1
общенациональный,1
общеобразовательный,0
общеобязательный,0
общепартийный,0
общеполезный,1
общеполитический,0
общепонятный,1
общепризнанный,1
общепринципиальный,0
общепринятый,1
общераспространённый,1
общереспубликанский,1
общерусский,0
общественный,0
обществоведческий,0
общетеоретический,0
общеудобный,0
общеупотребительный,1
общеустановленный,0
общефилософский,0
общехозяйственный,0
общечеловеческий,1
общечеловечный,0
общеэкономический,0
общеядовитый,-1
общий,0
общинный,0
общипанный ,-1
общительный,0
общный ,0
объединённый,0
объединительный,1
объездной,0
объезжий ,0
объективистический,0
объективистский,0
объективный,1
объектный,0
объектовый,0
объёмистый ,1
объёмный,0
объявленный,0
объяринный,0
объяснимый,0
объяснительный,0
обывательский,-1
обыденный,-1
обыкновенный,0
обындевелый,0
обыскной ,0
обычайный ,0
обычливый ,0
обычный,0
обязанный,0
обязательный,0
обязательственный,0
овальный,0
овечий,0
овинный,0
оводовый,0
овощеводческий,0
овощеконсервный,0
овощеперерабатывающий,0
овощесушильный,0
овощной,0
овражистый,0
овражный,0
овсяный,0
овцеводный,0
овцеводческий,0
овчарный,0
овчий ,0
овчинный,0
огарочный,0
оглашенный ,-1
оглобельный,0
оглушающий,0
оглушительный,0
огневой,0
огнедышащий,0
огнезащитный,1
огнемётный,0
огненный,0
огнеопасный,-1
огнепоклоннический,0
огнепроводный,0
огнестойкий,1
огнестрельный,0
огнеупорный,1
огнистый,0
оговорочный,0
оголённый,-1
оголодалый ,-1
оголтелый ,-1
огороднический,0
огородный,0
огорчённый,-1
огорчительный,-1
оградительный,0
оградный,0
ограждённый,0
ограниченный,0
ограничительный,0
огромный,0
огрубелый,-1
огрузлый ,-1
огузочный,0
огульный,-1
огуменный ,0
огуречный,0
одарённый,1
одеколонный,0
одеревенелый,0
одержимый,-1
одеяльный,0
один,0
одинаковый,0
одинарный,0
одинёхонек ,-1
одинёшенек ,-1
одиннадцатиклассный,0
одиннадцатилетний,0
одиннадцатый,0
одинокий,-1
одиночный,0
одиозный,-1
одичавший,-1
одичалый,-1
одический,0
одноактный,0
однобокий,-1
однобортный,0
однобрачный,0
одновременный,0
одноглазый,0
одногодичный,0
одноголосный,0
одноголосый,0
однодворческий,0
однодеревный,0
однодневный,0
однодомный,0
одножильный,0
однозвучный,0
однозначный,1
однозубый,0
одноимённый,0
однокалиберный,0
однокамерный,0
одноклетный ,0
одноклеточный,-1
одноколейный,0
одноколенный,0
однокопытный,0
однократный,0
однокровный,0
однокрылый,0
однолетний,0
одноликий,0
однолошадный,0
одномастный,0
однообразный,-1
однопалатный,0
одноплеменный,0
однополый,0
однопольный,0
однопроходный,0
однопутный,0
однорельсовый,0
однорогий,0
однородный,0
однорукий,0
одноручный,0
односеменодольный,0
односкатный,0
однословный,0
односложный,0
односоставный,0
односпальный,0
одноствольный,0
односторонний,0
однотипный,0
однотонный,-1
одноухий,0
одноцветный,0
одночленный,0
одношёрстный,0
одноэтажный,0
одобрительный,1
одолимый,1
одонтологический,0
одряхлелый,-1
одубелый ,-1
одульский,0
одурелый ,-1
одурманенный,-1
одурманивающий,-1
одуряющий ,-1
одутловатый,-1
одутлый ,-1
одухотворённый,1
одушевлённый,0
одышливый,-1
ожесточённый,-1
оживлённый,1
ожидательный ,0
ожидающий,0
озабоченный,0
озадаченный,0
озарённый,1
озверелый ,-1
оздоровительный,1
озеленительный,0
озёрный,0
озероведческий,0
озеровидный,0
озимый,0
озлобленный,-1
ознакомительный,0
означенный ,0
ознобный ,0
озокеритный,0
озокеритовый,0
озорниковатый ,0
озорноватый,-1
озорной,1
окаменелый,0
окатистый,0
окатный,0
окающий,0
окаянный ,-1
океанический,0
океанографический,0
океанологический,0
океанский,0
окислительный,0
окисный,0
окказионалистский,0
оккультный,0
оккупантский,-1
оккупационный,-1
окладистый,0
окладной,0
окованный,0
околелый,0
околоплодный,0
околосердечный,0
околоточный,0
околоушный,0
окольный,0
оконный,0
окончательный,0
окопный,0
окороковый,0
окорочный,0
окостеневший,0
окостенелый,-1
окоченевавший,0
окоченевший,-1
окоченелый,-1
окраинный,0
окрасочный,0
окрашенный,0
окрестный,0
окровавленный,-1
округлённый,0
округлый,0
окружающий,0
окружной,0
окрылённый,1
оксидированный,0
октавный,0
октябристский,0
октябрьский,0
окулировочный,0
окультуренный,1
окулярный,0
окуневый,0
окупчивый ,0
олеандровый,0
оледенелый,0
олеиновый,0
оленеводческий,0
оленевый,0
олений,0
олеографический,0
оливковый,0
олигархический,0
олимпиадный,0
олимпийский,0
олицетворённый,0
оловянный,0
ольховый,0
омерзительный,-1
омертвелый,-1
омический,0
омонимический,0
омулёвый,0
омутистый,0
ондатровый,0
онемелый,-1
ониксовый,0
онкологический,-1
онкольный,0
ономасиологический,0
ономастический,0
ономатологический,0
онтогенетический,0
онтологический,0
оолитовый,0
оологический,0
опаковый,0
опаловый,0
опалубочный,0
опалый,0
опальный,-1
опарный,0
опасливый,-1
опасный,-1
опахальный,0
опекунский,0
оперативный,1
операторский,0
операционный,0
опереточный,-1
оперный,0
опечаленный,0
опийный,-1
опилковый,0
опиловочный,0
описанный,0
описательный,0
опиумный,-1
оплёточный,0
оплошный ,-1
оповестительный,0
оподзоленный,0
опоечный,0
опоздалый ,-1
опознавательный,0
опознательный ,0
опойковый,0
опойчатый,0
опоковый,0
оползневый,0
ополоумевший ,-1
ополоумелый ,-1
ополченский,0
опорный,0
опосредованный,0
опосредствованный,0
опостылый ,-1
оппозиционный,0
оппортунистический,0
оппортунистичный,0
оппортунистский,0
оправданный,1
оправдательный,1
определённый,0
определимый,0
определительный,0
определяющий,1
опреснительный,0
опресночный,0
опрессовочный,0
опричный,0
опровержимый,0
опрокидной,0
опрометчивый,-1
опросный,0
опрятный,1
оптимальный,1
оптимистический,1
оптимистичный,1
оптический,0
оптовый,0
опускной,0
опустелый,-1
опустошённый,-1
опустошительный,-1
опухлый ,-1
опухолевый,-1
опушечный,0
опущенный,0
опылительный,0
опытнический ,0
опытный,1
опьянелый ,-1
опьянённый,-1
опьяняющий,-1
оракульский,0
оранжевый,0
оранжерейный,0
ораториальный,0
ораторный,0
ораторский,0
орбитальный,0
орбитный,0
организаторский,0
организационный,0
организованный,0
организующий,1
органический,0
органичный,1
органный,0
органогенный,0
органографический,0
органотерапевтический,0
оргиастический,0
оргийный,0
орденоносный,1
орденский,0
ордерный,0
ординарный,-1
ординарческий,0
ординаторский,0
ордынский,0
ореховый,0
орешниковый,0
оригинальный,1
ориентальный,0
ориентирный,0
ориентированный,1
ориентировочный,0
оркестрантский,0
оркестровый,0
орлий,0
орлиный,0
орнаментальный,0
орнаментный,0
орнитологический,0
оробелый ,-1
ороговелый,0
орографический,0
орокский,0
оросительный,0
орочонский,0
орочский,0
орсовский ,0
ортодоксальный,0
ортопедический,0
оруденелый,0
орудийный,0
оружейный,0
орфический,0
орфографический,0
орфоэпический,0
орхидейный,0
орхидный,0
осадный,0
осадочный,0
осанистый ,0
осатанелый ,-1
осведомительный,0
осведомлённый,1
освежающий,1
освежённый,0
освежительный ,1
осветительный,0
освещённый,1
освирепелый,-1
освободительный,1
освобождённый,1
осевой,0
оседлый,0
осенний,0
осеребрённый,0
осерчалый ,-1
осетинский,0
осетринный,0
осетроводческий,0
осетровый,0
осиновый,0
осиный,0
осиплый ,-1
осиротелый,-1
оскаленный,-1
осколочный,0
оскоминный,0
оскомистый ,0
оскорбительный,-1
оскорблённый,-1
оскуделый ,-1
ослабленный,-1
ослепительный,1
ослеплённый,-1
ослепляющий,0
ослизлый,-1
ослиный,-1
ословодческий,0
осложнённый,-1
ослушный ,-1
османский,0
осмотический,0
осмотрительный,0
осмысленный,1
оснеженный,0
основательный,1
основной,0
основный,0
основовязальный,0
основополагающий,1
основоположный,1
особенный,1
особливый ,0
особный ,0
особый,0
осовелый ,-1
осознанный,0
осоковый,0
осокоревый,0
осоловелый ,-1
осотовый,0
осочистый,0
осочный,0
оспенный,0
оспопрививательный,0
оспоримый,0
оспяной ,0
остальной,0
остановившийся,0
остановочный,0
остатний ,0
остаточный,0
остготский,0
остевой,0
остеклелый,0
остекленелый,0
остеографический,0
остеологический,0
остервенелый,-1
остервенённый,0
остерегающий,0
остистый,0
остовый,0
остойчивый,0
остолбенелый,-1
остолопий ,-1
осторожненький ,-1
осторожный,0
остренький ,1
острильный,0
островерхий,0
островной,0
островской ,0
остроглазый ,1
остроголовый,0
острогорбый,0
острогрудый,0
остродефицитный,0
острожный,0
острозаразный,0
острозубый,0
остроклювый,0
остроконечный,0
острокрылый,0
остролистный,0
остролистый,0
остролицый,0
остроносый,0
остроплечий,0
острорёбрый,0
остророгий,0
острорылый,0
остроскулый,0
острословный,0
остроугольный,0
остроумный,1
остроухий,0
острохвостый,0
острый,0
остылый ,-1
остяцкий,0
осуждающий,-1
осушительный,0
осуществимый,1
осьмериковый ,0
осьмеричный ,0
осязаемый,1
осязательный,0
отавный,0
отбелённый,0
отбелочный,0
отбельный,0
отбивной,0
отбойный,0
отборный,1
отборочный,0
отбросный,0
отбросовый,-1
отважный,1
отвальный,0
отварной,0
отверделый,0
отверженный,-1
отверстый ,0
отвесной,0
отвесный,0
ответный,0
ответственный,1
отвислый,-1
отвлечённый,0
отводный,0
отводочный,0
отволглый ,0
отворотный,0
отвратительный,0
отвратный ,-1
отглагольный,0
отгонный,0
отгороженный,0
отгребной,0
отгрузочный,0
отгульный,0
отдалённый,0
отдвижной,0
отделённый,0
отделенческий ,0
отделимый,0
отделительный,0
отделочный,0
отдельный,0
отдохновенный,1
отдохновительный ,0
отёклый ,0
отёлочный,0
отельный,0
отеплительный,0
отеческий,1
отечественный,1
отёчный,0
отживший,-1
отжигательный,1
отжимательный,0
отжимный,0
отжимочный,0
отжитый,0
отзовистский,0
отзольный,0
отзывной,0
отзывный ,0
отзывчивый,1
отказный ,-1
откаточный,0
откидной,0
откормленный,1
откормочный,0
откосный,0
открепительный,0
откровенный,1
открытый,0
откупной,0
отлётный,0
отливной,0
отливный,0
отливочный,0
отличительный,0
отличный,1
отлогий,0
отложистый ,0
отложной,0
отломанный,0
отмелистый,0
отмелый,0
отменный,1
отметочный,0
отмобилизованный,0
отмоточный,0
отмочный,0
относительный,0
относный ,0
отопительный,0
отопляемый ,0
оторопелый ,-1
оторфенелый,0
отощалый ,-1
отпашной,0
отпевальный,0
отпертой ,0
отпетый ,0
отписной ,0
отписочный ,-1
отплатный,0
отпорный,0
отправительский,0
отправной,0
отправочный,0
отпускной,0
отпустный ,0
отработанный,0
отработочный ,0
отравительный,-1
отравный,0
отрадный,1
отражательный,0
отраслевой,0
отрезвительный,0
отрезвляющий,-1
отрезной,0
отречённый,-1
отреченный ,0
отрешённый,-1
отрицательный,-1
отроческий,0
отрубной,0
отрубный,0
отрубяной,0
отрывистый,0
отрывной,0
отрывочный,0
отрывчатый,0
отрядный,0
отсадочный,0
отсевной,0
отсечный,0
отсосный,0
отставной,0
отсталый,-1
отстающий,-1
отстежной ,0
отстойный,-1
отступательный,0
отступнический,-1
отступной,0
отсутственный ,0
отсутствующий,-1
отсылочный,0
отсыпной ,0
отсырелый,-1
отталкивательный,0
отталкивающий,-1
оттепельный,0
оттоманский,0
оттопыренный,0
отточенный,0
оттяжной,0
отупелый ,-1
отходный,0
отходчивый,1
отхожий,-1
отцепной,0
отцов ,0
отцовский,0
отчаянный,1
отческий ,0
отчётистый ,0
отчётливый,1
отчётный,0
отчий ,0
отчинный,0
отчуждённый,0
отшельнический,0
отшельничий ,0
отшлифованный,0
отъевшийся,-1
отъединённый ,0
отъезжий ,0
отъёмный,0
отъявленный,-1
отъявный ,0
отымённый,0
отяготительный ,-1
отягчённый,-1
отягчительный,0
отяжелевший,0
отяжелелый,-1
офенский,0
офитовый,0
офицерский,0
официальный,0
официантский,0
официозный,-1
оформительский,0
офортный,0
офсетный,0
офтальмологический,0
охватный,0
охладелый ,0
охладительный,0
охлаждённый,0
охлократический,0
охолоделый ,0
охотливый ,0
охотницкий ,0
охотнический ,0
охотничий,0
охотный ,0
охотоведческий,0
охочий ,-1
охранительный,0
охранный,0
охриплый,-1
охристый,0
охровый,0
охряный,0
охульный ,-1
оценивающий,0
оценочный,0
оцепенелый,-1
оцинкованный,0
оцинковочный,0
очаговый,0
очажный,0
очарованный,1
очаровательный,1
очевидный,0
очередной,0
очеретный,0
очеретовый,0
очеретяный,0
очеркистский,0
очерковый,0
очерствелый,-1
очерченный,0
очёсковый,0
очёсочный,0
очечный,0
очистительный,1
очистный,0
очищенный,0
очкастый ,0
очковтирательский,-1
очковый,0
очный,0
очумелый ,-1
ошалелый ,-1
ошарашенный ,-1
ошарпанный ,-1
ошейниковый,0
ошеломительный,1
ошеломлённый,0
ошеломляющий,1
ошибочный,-1
ощеренный ,-1
ощипанный,-1
ощутимый,1
ощутительный,0
панический,-1
патологический,-1
первейший,1
первоклассный,1
первый,1
пламенный,1
плотный,1
площадной,0
повальный,0
поголовный,0
подавляющий,0
подлинный,1
подчеркнутый,0
полнейший,0
полный,0
поразительный,1
порядочный,1
последний,0
потрясающий,1
предельный,0
преклонный,0
преступный,-1
приличный,1
принципиальный,1
прирожденный,1
прожженный,-1
проливной,-1
пронзительный,0
пронизывающий,-1
прямой,0
пущий,0
пьянящий,-1
рабский,-1
радикальный,-1
разгромный,-1
раздирающий,-1
разительный,-1
разящий,0
райский,1
ревностный,-1
революционный,0
редкий,0
редкостный,0
резкий,0
рекордный,0
решительный,1
рьяный,0
сатанинский,-1
сверхчеловеческий,0
сверхъестественный,1
свинцовый,0
свирепый,-1
седой,0
сердитый,-1
серьезный,0
сильный,1
сказочно,1
сказочный,1
слепой,0
смертельный,-1
смертный,-1
сногсшибательный,0
собачий,0
совершеннейший,-1
совершенный,1
сокрушительный,1
солидный,1
сплошной,0
стальной,0
стойкий,1
стоический,1
стопроцентный,0
страстный,1
страшный,-1
строгий,0
строжайший,-1
сумасшедший,-1
суровый,-1
существенный,0
сущий,0
твердый,0
телячий,-1
титанический,0
тотальный,0
трескучий,0
триумфальный,1
тяжелый,0
тяжкий,0
убедительный,1
убежденный,0
убийственный,-1
уважительный,1
удивительный,1
ужасающий,-1
ужасный,-1
умопомрачительный,1
уничтожающий,-1
фанатический,0
фанатичный,-1
фантастический,1
феноменальный,1
филигранный,1
форменный,0
фундаментальный,1
хороший,1
царский,1
цепенящий,-1
черный,0
чертов,-1
чертовский,1
чистый,1
чрезвычайный,0
чрезмерный,-1
чудовищный,-1
широкий,0
широкомасштабный,1
шквальный,-1
штормовой,-1
шумный,-1
щедрый,1
щемящий,-1
экстраординарный,1
экстремальный,0
ювелирный,1
ядреный,-1
яркий,1
яростный,-1
ярый,-1
