redeeming,1
electrify,1
overjoyed,1
iniquity,-1
grand,1
appreciated,1
virtuously,1
aggravate,-1
diversified,1
grin,1
impoverished,-1
finicky,-1
persecute,-1
sued,-1
besiege,-1
abound,1
pestilent,-1
asperse,-1
egregious,-1
glisten,1
limitations,-1
agility,1
spewing,-1
endorses,1
dead-cheap,1
dissed,-1
inaccuracy,-1
compact,1
self-criticism,-1
matchless,1
suitable,1
condescendingly,-1
praising,1
stronger,1
instigate,-1
sinful,-1
indifferent,-1
smelled,-1
conflicts,-1
dead-on,1
ebullience,1
tops,1
tyrant,-1
stumped,-1
exceptional,1
disavowal,-1
treasure,1
shady,-1
empower,1
revolting,-1
sidetrack,-1
prestigious,1
gumption,1
nice,1
exceptionally,1
honor,1
ignoble,-1
peach,1
friendliness,1
forbidding,-1
injure,-1
deplorable,-1
precious,1
devilment,-1
elation,1
crummy,-1
enough,1
divine,1
overrated,-1
horrifys,-1
nimble,1
simpler,1
temerity,-1
impolitic,-1
frictions,-1
approval,1
miscreant,-1
tough,1
courageously,1
well-connected,1
success,1
rejoice,1
spooky,-1
critics,-1
bloodshed,-1
unyielding,-1
effectual,1
onerously,-1
womanizer,-1
break,-1
divine,1
passionately,1
triumphant,1
delicate,1
pleases,1
drunken,-1
detestable,-1
morality,1
superstitious,-1
brazen,-1
amicably,1
high-priced,-1
diversified,1
bulkier,-1
conscientious,1
pride,1
castigate,-1
beware,-1
richer,1
plight,-1
wealthy,1
overjoyed,1
bemoan,-1
staunch,1
raping,-1
compliment,1
discomfititure,-1
strife,-1
marvels,1
scared,-1
trump,1
benefit,1
obtainable,1
excite,1
sensation,1
paramount,1
amicable,1
flawless,1
regrets,-1
underlings,-1
happily,1
castrated,-1
euphorically,1
flashy,1
dissenter,-1
run-down,-1
sufferers,-1
obscene,-1
astounding,1
unlimited,1
unmatched,1
repugn,-1
relentlessly,-1
split,-1
lean,1
youthful,1
disorderly,-1
pertinaciously,-1
scathing,-1
enchant,1
exasperate,-1
grumpier,-1
overloaded,-1
less-developed,-1
wealthy,1
exhilaration,1
wiles,-1
undissolved,-1
bonuses,1
phenomenal,1
incoherent,-1
eagerly,1
lovable,1
unworkable,-1
drag,-1
worthlessly,-1
satisfactorily,1
magic,1
perplexity,-1
simplistically,-1
confident,1
repress,-1
joyful,1
atrocity,-1
gravely,-1
benefit,1
amazement,1
cozy,1
opponent,-1
unleash,-1
empathize,1
disgustful,-1
gallingly,-1
idyllic,1
impressively,1
sloppily,-1
shiny,1
sweeping,1
refusing,-1
bluring,-1
unuseable,-1
tenacity,1
confusion,-1
rewardingly,1
togetherness,1
excels,1
halcyon,1
accomplishment,1
disinclined,-1
reasonably,1
intrude,-1
seamless,1
licentiously,-1
abuse,-1
abort,-1
good,1
counter-productive,-1
dubiously,-1
successful,1
divine,1
fame,1
unforeseen,-1
willing,1
infamously,-1
dirts,-1
handier,1
heedless,-1
inconsequently,-1
acerbic,-1
rattle,-1
unfortunately,-1
flexibility,1
sumptuously,1
dark,-1
fecilitous,1
wariness,-1
peril,-1
dejectedly,-1
provocative,-1
hopeful,1
impresses,1
wasting,-1
startling,-1
oversize,-1
achievible,1
ghastly,-1
botch,-1
lethargic,-1
arrogance,-1
healthful,1
appreciate,1
holy,1
backache,-1
accurate,1
occluded,-1
regard,1
pleasant,1
continuity,1
winner,1
blather,-1
succes,1
forsaken,-1
flagrant,-1
adoring,1
overpriced,-1
worsen,-1
conspiracy,-1
peaceable,1
audibly,1
undermining,-1
lovable,1
blissful,1
vengeance,-1
imposing,-1
suffices,1
scarce,-1
exhort,-1
avid,1
pretty,1
uncivilized,-1
influential,1
naively,-1
sunken,-1
incompatability,-1
tenacity,1
unspecified,-1
soundness,1
magical,1
affirmation,1
resourcefulness,1
threesome,-1
beckoning,1
haggle,-1
threats,-1
earnestly,1
domineer,-1
smart,1
illustrious,1
famously,1
preferring,1
fruitful,1
dispiriting,-1
sinking,-1
drop-outs,-1
silent,1
vengefulness,-1
fat,-1
injure,-1
easiness,1
outstanding,1
deficient,-1
sadden,-1
pre-eminent,1
courteous,1
grind,-1
faithful,1
impetuously,-1
well-connected,1
succes,1
deprecate,-1
trap,-1
windfall,1
unauthentic,-1
feverish,-1
comfort,1
respite,1
painful,-1
creeping,-1
suck,-1
friendliness,1
concede,-1
gooood,1
discriminate,-1
frighteningly,-1
lewd,-1
worked,1
fascination,1
upbraid,-1
impure,-1
surmount,1
hardier,1
astonished,1
assult,-1
invincible,1
noises,-1
misguide,-1
sensation,1
indignant,-1
riled,-1
overturn,-1
obscures,-1
apocalypse,-1
gentlest,1
daring,1
apprehensive,-1
inviolable,1
gimmicking,-1
adaptive,1
understandable,1
masterfully,1
guile,-1
hopeful,1
congratulation,1
recommendation,1
adroit,1
pandering,-1
fatuity,-1
peculiarly,-1
gibber,-1
resilient,1
defamation,-1
exhilarate,1
motionless,-1
pepping,1
despondent,-1
wellbeing,1
destitution,-1
luxuriant,1
dearth,-1
debacle,-1
deplorably,-1
economical,1
tension,-1
rifts,-1
effortless,1
discontent,-1
limits,-1
hopeless,-1
realizable,1
cajole,1
miracle,1
dissuasive,-1
stylized,1
succes,1
coupists,-1
amazing,1
immobilized,-1
stringent,-1
illusory,-1
distrustful,-1
judder,-1
willing,1
polite,1
greasy,-1
died,-1
affront,-1
seething,-1
feisty,1
foremost,1
crushed,-1
zenith,1
deprecate,-1
loose,-1
intransigence,-1
amity,1
affinity,1
gutsy,1
friendliness,1
choppy,-1
heroize,1
unnoticed,-1
aversion,-1
glamorous,1
anarchy,-1
handy,1
prodigy,1
recourses,-1
bankrupt,-1
beautifullly,1
loot,-1
err-free,1
unjustified,-1
mundane,-1
naive,-1
afford,1
exhort,-1
fatal,-1
reliable,1
humble,1
saint,1
prickles,-1
dissatisfy,-1
problem-solver,1
boundless,1
allegation,-1
loved,1
sincerity,1
kindliness,1
restructure,1
stimulate,1
respectful,1
bitterness,-1
malevolently,-1
scorn,-1
lustrous,1
meritorious,1
inviolate,1
lavish,1
blameless,1
disgracefully,-1
effusively,1
angrily,-1
crummy,-1
calumniate,-1
virtuously,1
imminence,-1
paradise,1
reproachful,-1
pleasurable,1
popular,1
polite,1
gratified,1
insults,-1
mesmerize,1
proving,1
spellbound,1
honesty,1
excellently,1
legendary,1
glowing,1
corrupting,-1
fatcat,-1
confounding,-1
enhanced,1
pride,1
sumptuousness,1
brightest,1
destroy,-1
restless,-1
stimulating,1
melodramatic,-1
tragically,-1
jeering,-1
enhance,1
aground,-1
dextrous,1
vehemently,-1
intriguing,1
accomodative,1
sidetrack,-1
gainfully,1
danke,1
blind,-1
belie,-1
beauty,1
discompose,-1
marvel,1
pinnacle,1
debasement,-1
cost-saving,1
disoriented,-1
sturdy,1
enlightenment,1
loveless,-1
forgetfully,-1
torture,-1
energy-saving,1
favorited,1
nauseates,-1
pampered,1
squash,-1
malign,-1
bothered,-1
ironic,-1
fun,1
receptive,1
ethical,1
bewilder,-1
laggy,-1
violation,-1
slooow,-1
strict,-1
stellarly,1
famine,-1
belligerent,-1
ill-treated,-1
rremediable,-1
chasten,-1
revere,1
agile,1
poised,1
illustrious,1
smash,-1
traduce,-1
dependably,1
rusts,-1
warmly,1
sturdy,1
disconcerting,-1
pitiless,-1
loathly,-1
zaps,-1
impetuous,-1
inexpensive,1
emaciated,-1
disarray,-1
corrosive,-1
misbehavior,-1
ingeniously,1
erode,-1
insufficiency,-1
sociable,1
unjust,-1
blissfully,1
sneak,-1
hangs,-1
powerful,1
unexplained,-1
gape,-1
craven,-1
halcyon,1
depressing,-1
anti-white,-1
impartially,1
precious,1
brotherly,1
fucking,-1
exhaust,-1
terrible,-1
tranquil,1
undecided,-1
asinine,-1
glorify,1
devastate,-1
modest,1
disgustfully,-1
talent,1
entrancing,1
encouragingly,1
brand-new,1
accolades,1
thoughtfulness,1
intriguingly,1
symptom,-1
infallible,1
passion,1
degrading,-1
hostile,-1
undecided,-1
improves,1
hegemonism,-1
complements,1
glow,1
divinely,1
contempt,-1
ebullient,1
lover,1
chastise,-1
worth,1
bullshyt,-1
annoys,-1
trivially,1
rock-star,1
romantic,1
eloquently,1
titillating,1
agile,1
raped,-1
idiots,-1
deluge,-1
impressively,1
carefree,1
revive,1
sweetly,1
impudently,-1
calumniously,-1
mocked,-1
demonize,-1
creeping,-1
impresses,1
gabble,-1
abound,1
petrify,-1
wonderfully,1
infallibly,1
incredible,1
bullish,1
undaunted,1
miraculousness,1
merriness,1
boisterous,-1
subsidize,1
handier,1
cool,1
fallaciously,-1
useless,-1
idyllic,1
cussed,-1
privileged,1
bothers,-1
hardball,-1
bitchy,-1
fury,-1
reassurance,1
flagrant,-1
backbite,-1
darkened,-1
helped,1
feat,1
obese,-1
treasure,1
mishandle,-1
enviably,1
sharp,1
inexpiable,-1
harried,-1
regal,1
subversive,-1
fave,1
scare,-1
incredulously,-1
ashamed,-1
stylish,1
picket,-1
wildly,-1
fraught,-1
lucidly,1
soundness,1
witty,1
smack,-1
commotion,-1
exagerate,-1
hawkish,-1
pleas,-1
irritations,-1
fugitive,-1
well-being,1
confuse,-1
pickets,-1
oversights,-1
unstable,-1
struggles,-1
intense,-1
offensiveness,-1
rocky,-1
horrific,-1
drop-outs,-1
frustration,-1
flimflam,-1
stubborn,-1
intelligent,1
bungler,-1
upscale,1
gains,1
low-priced,1
lustrous,1
self-serving,-1
tanked,-1
misalign,-1
adroit,1
endearing,1
divine,1
destitute,-1
damnable,-1
smile,1
contemptuously,-1
stellarly,1
believeable,1
hurting,-1
smooth,1
benefit,1
successful,1
vouchsafe,1
delays,-1
qualm,-1
audacity,-1
fathomless,-1
instructive,1
drowning,-1
superior,1
dishonesty,-1
strong,1
rejuvenate,1
loving,1
hypocritically,-1
hopelessness,-1
squander,-1
franticly,-1
meticulously,1
enthrall,1
unprepared,-1
crashed,-1
hardheaded,-1
watered-down,-1
catastrophes,-1
dripped,-1
poised,1
astutely,1
foolish,-1
posturing,-1
freed,1
relish,1
teasingly,-1
kindly,1
overtaxed,-1
improbably,-1
phenomenally,1
deteriorating,-1
gleeful,1
hesitant,-1
prowess,1
dotingly,1
venomous,-1
askance,-1
awe,1
condemnation,-1
anti-,-1
appalling,-1
cheap,-1
conciliate,1
betrayal,-1
steadfastly,1
odder,-1
intolerable,-1
succes,1
whoa,1
spectacular,1
gain,1
angelic,1
trample,-1
gaining,1
tenacious,1
wonderfully,1
sturdy,1
surmount,1
smut,-1
maniacal,-1
humorously,1
effusive,1
jealous,-1
persecute,-1
elan,1
nice,1
usurp,-1
revert,-1
fancier,1
perfect,1
hot,1
fashionable,1
sweeten,1
oppressiveness,-1
meritorious,1
exceed,1
unforeseen,-1
supremacy,1
ungovernable,-1
unwieldy,-1
sputter,-1
dim,-1
fave,1
preferably,1
victorious,1
mislead,-1
problem,-1
weaker,-1
thrilled,1
straightforward,1
viciously,-1
afordable,1
sensation,1
dearth,-1
trustworthiness,1
enhancement,1
inopportune,-1
stressful,-1
timidity,-1
desperate,-1
indulgence,1
dust,-1
ardent,1
propitiously,1
debauchery,-1
foully,-1
obscures,-1
reclaim,1
alluring,1
darkness,-1
astonishing,1
insensitivity,-1
dismalness,-1
superb,1
impunity,-1
worsening,-1
disavowal,-1
badly,-1
squealing,-1
concern,-1
stump,-1
eviscerate,-1
gentlest,1
harmonize,1
ranting,-1
respectfully,1
fanatic,-1
melodramatically,-1
solace,1
insultingly,-1
enticing,1
viewable,1
overture,1
revel,1
snappishly,-1
wasting,-1
irredeemably,-1
rigid,-1
anti-us,-1
sumptuous,1
tremendously,1
trample,-1
mangle,-1
scaly,-1
wondrous,1
hectic,-1
distinctive,1
bullish,1
belligerently,-1
depressions,-1
precisely,1
generous,1
raked,-1
inexpertly,-1
exhaust,-1
lambast,-1
audibly,1
aimless,-1
right,1
eased,1
tenaciously,1
equitable,1
tempting,1
titillate,1
manipulation,-1
bastards,-1
applaud,1
compact,1
capability,1
crisp,1
glare,-1
rhetorical,-1
individualized,1
impressed,1
orderly,1
repel,-1
dropouts,-1
infuriating,-1
struggle,-1
preeminent,1
discontinuous,-1
hardliners,-1
dispiriting,-1
stumbled,-1
dissuasive,-1
glimmering,1
reassurance,1
allegations,-1
flareup,-1
exultingly,1
skillful,1
expired,-1
daring,1
sane,1
poise,1
lesser-known,-1
topnotch,1
guiltless,1
skill,1
break,-1
writhe,-1
impudence,-1
absent-minded,-1
imaginative,1
revolutionize,1
scandal,-1
aggressive,-1
adjustable,1
slow,-1
protection,1
glad,1
lighter,1
glorious,1
auspicious,1
sanctimonious,-1
tops,1
relish,1
condemned,-1
wonderfully,1
handsome,1
squander,-1
divinely,1
fecilitous,1
cleanly,1
courageously,1
unbearablely,-1
panicked,-1
superfluous,-1
debase,-1
catastrophically,-1
peach,1
pique,-1
support,1
perfect,1
propitious,1
qualms,-1
instantly,1
sue,-1
vainly,-1
productively,1
splendid,1
contrive,-1
empathy,1
coercion,-1
cleanly,1
worse,-1
instrumental,1
magnificent,1
sorrowfully,-1
fractious,-1
industrious,1
famous,1
bonuses,1
feasibly,1
menacingly,-1
fumble,-1
baffled,-1
na√îve,-1
amiabily,1
whooa,1
insignificantly,-1
unorthodoxy,-1
bravado,-1
steadiest,1
debacle,-1
approval,1
hypocrisy,-1
allege,-1
non-violence,1
champion,1
recoil,-1
neatest,1
ovation,1
repel,-1
playfully,1
awesome,1
disapointment,-1
enlighten,1
nice,1
overpaid,-1
accursed,-1
dishonorable,-1
prominent,1
impurity,-1
dissent,-1
plebeian,-1
diametrically,-1
disastrously,-1
doomed,-1
exploitation,-1
effectual,1
degradation,-1
blurs,-1
protective,1
peaceful,1
astonishing,1
agreeableness,1
openness,1
masterfully,1
merciful,1
scenic,1
slanderously,-1
bravo,1
honor,1
abused,-1
affordable,1
hopeful,1
hype,-1
brazen,-1
revive,1
mortify,-1
election-rigger,-1
trapped,-1
emergency,-1
lie,-1
exciting,1
soundly,1
flourish,1
delectable,1
fail,-1
accessible,1
excited,1
thrifty,1
uproarously,-1
scapegoat,-1
genuine,1
gainful,1
cramping,-1
intermittent,-1
2-faces,-1
gaining,1
inpressed,1
illustrious,1
rocky,-1
belated,-1
ignominious,-1
conveniently,1
awe,1
subservient,-1
penalty,-1
laudably,1
legendary,1
flabbergasted,-1
displeasing,-1
suavely,1
disbeliever,-1
uninsured,-1
wonder,1
commendable,1
brazenly,-1
amazing,1
ineptitude,-1
peacekeepers,1
unpredictable,-1
bugs,-1
prolific,1
crashing,-1
altruistic,1
comfortably,1
crisper,1
vindictiveness,-1
injudicious,-1
ultimatums,-1
estranged,-1
ingenious,1
anxieties,-1
alienated,-1
weak,-1
fail,-1
overtaking,1
wellbeing,1
fiend,-1
prefers,1
unforeseen,-1
powerful,1
brand-new,1
lawfully,1
grind,-1
screwy,-1
reasoned,1
smell,-1
showdown,-1
adoring,1
admiration,1
desolately,-1
evasive,-1
attune,1
demonizing,-1
smudge,-1
glimmer,1
steep,-1
mispronounces,-1
dust,-1
forebodingly,-1
self-coup,-1
jubilation,1
masterful,1
flickering,-1
soft,1
faster,1
underdog,-1
languor,-1
impressive,1
exhausted,-1
scorchingly,-1
restructuring,1
creak,-1
disregard,-1
craps,-1
jitter,-1
depravedly,-1
limitation,-1
affably,1
inimical,-1
liberty,1
courteous,1
smack,-1
sensibly,1
thankless,-1
autocrat,-1
obscurity,-1
steadiness,1
disrespect,-1
emptiness,-1
detested,-1
happy,1
horrifying,-1
arduous,-1
aches,-1
intrude,-1
hopeful,1
steal,-1
clarity,1
embarrass,-1
sturdier,1
clearly,1
improvements,1
free,1
defeat,1
admiringly,1
hassle,-1
illusion,-1
effortlessly,1
marvellous,1
satirical,-1
disparaging,-1
prejudices,-1
sadden,-1
eminence,1
steadiest,1
inexcusably,-1
wack,-1
muddy,-1
altruistic,1
flakieness,-1
malcontented,-1
feat,1
surreal,1
amicably,1
monster,-1
incorrigibly,-1
hassle,-1
accusation,-1
errant,-1
thwart,-1
torrent,-1
shimmeringly,1
boastful,-1
smiling,1
brilliant,1
stutters,-1
amenable,1
thirst,-1
afford,1
draconic,-1
altercation,-1
weep,-1
unsettled,-1
problem-free,1
fiasco,-1
joker,-1
insurrection,-1
elated,1
bothers,-1
bemoan,-1
decency,1
uncooperative,-1
triumphant,1
beauteous,1
chatter,-1
unforgettable,1
astutely,1
obese,-1
realistic,1
succeeding,1
unconfirmed,-1
advantageous,1
awards,1
un-viewable,-1
warmth,1
well-connected,1
nepotism,-1
excellence,1
overemphasize,-1
nicest,1
snagging,-1
revel,1
cleaner,1
saint,1
boisterous,-1
liar,-1
concise,1
combust,-1
mad,-1
forgetful,-1
slick,1
felicity,1
astutely,1
worrisome,-1
selective,1
ridicule,-1
belabor,-1
despot,-1
well-positioned,1
god-given,1
altercation,-1
scratch,-1
violator,-1
prosecute,-1
roomy,1
resourceful,1
ebullience,1
astonish,1
sublime,1
prudently,1
volatile,-1
excuse,-1
guarantee,1
ecenomical,1
rascals,-1
purposeful,1
nosey,-1
decayed,-1
questionable,-1
fast-paced,1
straighten,1
drips,-1
fatigue,-1
victory,1
fever,-1
bleeding,-1
radicalization,-1
incomparable,-1
sociable,1
domineer,-1
dissuasive,-1
recalcitrant,-1
entrapment,-1
reproach,-1
sputter,-1
noises,-1
admonishment,-1
bribery,-1
defamations,-1
grievance,-1
sparkling,1
surmount,1
unspecified,-1
soothingly,1
positive,1
blockhead,-1
ingenuous,1
excruciating,-1
innovation,1
receptive,1
lifeless,-1
soothingly,1
golden,1
kindliness,1
commendably,1
irrational,-1
rock-stars,1
gimmicking,-1
vomit,-1
betrayal,-1
admirably,1
glorify,1
oversimplified,-1
smitten,1
futurestic,1
revives,1
adulate,1
faulty,-1
staunchly,1
venomous,-1
clever,1
sorry,-1
selfish,-1
stainless,1
mortify,-1
complaint,-1
dissolution,-1
gratifyingly,1
astounding,1
interesting,1
mispronounced,-1
steadfast,1
edify,1
overzealous,-1
lame,-1
compassion,1
fanfare,1
unpleasant,-1
first-in-class,1
trusted,1
inequalities,-1
hot,1
pep,1
sociable,1
smudge,-1
endorsing,1
sophisticated,1
stridently,-1
spinster,-1
time-honored,1
breathlessness,1
fat-cat,-1
optimistic,1
refund,1
horrendously,-1
jubiliant,1
radical,-1
lover,1
gallant,1
annoyance,-1
conveniently,1
fumble,-1
assuredly,1
poky,-1
mercilessly,-1
posh,1
acclaim,1
conveniently,1
gutsy,1
fundamentalism,-1
effortless,1
showdown,-1
distinguished,1
conflicted,-1
comfy,1
abundance,1
lethargy,-1
well-bred,1
declaim,-1
well-run,1
friendly,1
eye-catching,1
exultation,1
comprehensive,1
disappointingly,-1
sufferers,-1
simpler,1
anarchist,-1
charm,1
spurn,-1
uncomfortably,-1
confrontation,-1
lech,-1
restful,1
wasteful,-1
neat,1
peps,1
tramp,-1
laudably,1
distinctive,1
fun,1
bulky,-1
proving,1
loathsomely,-1
disliking,-1
marveled,1
majestic,1
encouragingly,1
mistress,-1
glee,1
discredit,-1
entertains,1
terribleness,-1
accommodative,1
deplorably,-1
fatefully,-1
ineloquent,-1
refine,1
inexperience,-1
exuberantly,1
glorify,1
subsidize,1
sporadic,-1
revival,1
dastard,-1
checkered,-1
rosy,1
trivialize,-1
constructive,1
low-priced,1
poisonously,-1
ambitiously,1
layoff-happy,-1
disingenuously,-1
implausibly,-1
buoyant,1
galling,-1
explode,-1
dust,-1
industrious,1
humble,1
excited,1
overstatements,-1
tangles,-1
deceive,-1
hurtful,-1
antiquated,-1
smoothly,1
rosy,1
dumb,-1
maturity,1
bright,1
gape,-1
disapointing,-1
funny,-1
malady,-1
worth,1
propagandize,-1
mocks,-1
antagonism,-1
admiration,1
irredeemably,-1
distracting,-1
virtuously,1
shimmer,-1
graciously,1
jeopardy,-1
playfully,1
overrun,-1
geeky,1
bashful,-1
insupportable,-1
graceless,-1
humiliate,-1
deadweight,-1
amicably,1
laudable,1
attentive,1
rift,-1
cashback,1
cool,1
reachable,1
tease,-1
traitorous,-1
disliking,-1
untrue,-1
merciless,-1
positive,1
revival,1
fancy,1
horrified,-1
ill-formed,-1
flatteringly,1
accommodative,1
wilt,-1
relief,1
frozen,-1
supporter,1
stuttered,-1
ineffective,-1
earnestness,1
aggressor,-1
delaying,-1
affirm,1
impurity,-1
overreach,-1
best-performing,1
intriguing,1
smoothest,1
hegemonistic,-1
stunning,1
squabble,-1
improvement,1
bigotries,-1
bewildering,-1
inpressed,1
jollify,1
weariness,-1
misleading,-1
inelegance,-1
prefers,1
disrepute,-1
monumental,1
eases,1
unrestricted,1
dilly-dally,-1
sour,-1
empower,1
disconcerted,-1
exhausted,-1
fabulous,1
accomplishments,1
sweeten,1
overtaken,1
kudos,1
mispronounced,-1
censure,-1
impotent,-1
dazzled,1
complemented,1
uneconomical,-1
beggar,-1
babble,-1
adulterier,-1
decisiveness,1
boom,1
well-positioned,1
stench,-1
enjoyed,1
demeaning,-1
second-class,-1
preferes,1
award,1
offensively,-1
cranky,-1
unspecified,-1
limited,-1
dissolution,-1
sinfully,-1
disaster,-1
clearer,1
serene,1
achievable,1
expropriation,-1
conscons,-1
faint,-1
beware,-1
accurately,1
hospitable,1
deserving,1
thriving,1
godsend,1
wary,-1
entrancing,1
splendor,1
displeased,-1
intricate,1
opponent,-1
prolific,1
profound,1
stunningly,1
ironies,-1
amazed,1
maliciously,-1
miscalculation,-1
frenzied,-1
preferable,1
recalcitrant,-1
sweetheart,1
anti-semites,-1
succeeds,1
first-class,1
ease,1
inoperable,-1
laughably,-1
cherished,1
mismanage,-1
unsuspecting,-1
easiness,1
effectual,1
luxuriate,1
reasonable,1
romanticize,1
pratfall,-1
malicious,-1
scandalized,-1
miff,-1
amicability,1
chronic,-1
glitz,1
painless,1
improvement,1
impersonal,-1
amicable,1
nightmarishly,-1
generosity,1
sufficient,1
horrendously,-1
cheapest,1
smug,-1
distinctive,1
enthral,1
rip-off,-1
pandering,-1
improvement,1
vanity,-1
affectation,1
doom,-1
phobic,-1
sanctimonious,-1
rancor,-1
terrific,1
sincerely,1
disadvantages,-1
crime,-1
frustrations,-1
sturdy,1
unequivocal,1
negative,-1
steal,-1
flourish,1
gimmicked,-1
eviscerate,-1
incessant,-1
irreproachable,1
supporter,1
impassioned,1
brutalize,-1
accomplish,1
blessing,1
pretentiously,-1
trusted,1
pointless,-1
refine,1
mercifully,1
dismayingly,-1
palatial,1
impressive,1
reckless,-1
supports,1
soundly,1
scrap,-1
luckiest,1
headway,1
strident,-1
dupe,-1
absurd,-1
attractively,1
egotistical,-1
proud,1
clumsy,-1
assail,-1
geeky,1
fugitive,-1
moan,-1
derision,-1
jeering,-1
degrade,-1
inexorable,-1
talented,1
dominated,1
cataclysm,-1
discontinued,-1
richly,1
hideous,-1
leery,-1
superior,1
intractable,-1
intriguing,1
disruption,-1
backaching,-1
bonuses,1
calumnies,-1
demon,-1
overstatement,-1
aspiration,1
blunders,-1
infamous,-1
pricey,-1
excruciating,-1
unclear,-1
bloom,1
lifesaver,1
calumniate,-1
fat-cats,-1
negation,-1
wrinkles,-1
obsessively,-1
neurotically,-1
miracles,1
anguish,-1
obscured,-1
distressingly,-1
peppy,1
deign,-1
advantageous,1
attractively,1
chafe,-1
admiration,1
insurrection,-1
panic,-1
enticingly,1
streamlined,1
admiration,1
altruistically,1
youthful,1
greatest,1
affirm,1
refreshed,1
mourn,-1
shirker,-1
unfazed,1
dissuasive,-1
cherished,1
bitterly,-1
serenity,1
contemptuous,-1
horrify,-1
transparent,1
recomend,1
displeasing,-1
eased,1
prominence,1
sloppy,-1
meddle,-1
mishandle,-1
polluters,-1
lost,-1
accurate,1
madness,-1
blessing,1
super,1
creeps,-1
autonomous,1
desertion,-1
acridly,-1
excitedly,1
conciliatory,1
incessant,-1
honesty,1
dead-cheap,1
scariest,-1
dump,-1
catastrophic,-1
dripping,-1
bait,-1
insolent,-1
excels,1
impersonal,-1
nauseating,-1
sin,-1
triumphantly,1
capriciousness,-1
exaltedly,1
magnificent,1
obscenity,-1
proves,1
smouldering,-1
miser,-1
seedy,-1
excruciatingly,-1
ftw,1
wellbeing,1
disruptive,-1
glisten,1
rejects,-1
intricate,1
extol,1
filth,-1
genial,1
flashy,1
faults,-1
envious,-1
ragged,-1
lucky,1
innovation,1
harmoniously,1
windfall,1
entice,1
erroneous,-1
dominated,1
helpful,1
contradict,-1
undaunted,1
mastery,1
insidious,-1
ideal,1
elevate,1
cheat,-1
impressively,1
truant,-1
clueless,-1
jealousy,-1
retard,-1
blaspheme,-1
disturb,-1
delirium,-1
incongruous,-1
achievements,1
malevolently,-1
inhospitality,-1
disaffect,-1
dead-on,1
masterfully,1
incomparably,-1
advocates,1
intrigue,1
hooligan,-1
navigable,1
paradise,1
resplendent,1
grieve,-1
assurances,1
marvels,1
picturesque,1
righten,1
consistently,1
dependable,1
tawdry,-1
treasonous,-1
sweeten,1
unclean,-1
peerless,1
invaluablely,1
finest,1
annoyed,-1
awkwardness,-1
failed,-1
matchless,1
hopeful,1
suavely,1
soundness,1
junkyard,-1
confrontation,-1
casualty,-1
picketed,-1
scolding,-1
sweet,1
hardships,-1
scoff,-1
worth,1
productive,1
happy,1
mercifully,1
tougher,1
fluent,1
polarisation,-1
kindly,1
tender,1
vociferous,-1
well-intentioned,1
felicitate,1
sabotage,-1
sufferers,-1
insurrection,-1
resourcefulness,1
poverty,-1
punish,-1
cute,1
blah,-1
lurch,-1
amenable,1
infernal,-1
patiently,1
simplified,1
ecstasies,1
mists,-1
rhapsodize,-1
goodwill,1
brighter,1
unproving,-1
revolutionized,1
glee,1
measly,-1
intransigent,-1
efficacious,1
well-established,1
breathtaking,1
awesome,1
enviously,1
peculiar,-1
irreplaceable,1
suavely,1
encouragingly,1
exhilaratingly,1
domineer,-1
fav,1
warlike,-1
deterioration,-1
poised,1
treacherously,-1
guidance,1
openness,1
impede,-1
worked,1
exaggerate,-1
stiflingly,-1
unencumbered,1
fresh,1
downturn,-1
scornfully,-1
aggression,-1
torture,-1
misinform,-1
mighty,1
flutter,1
fervently,1
luxuriously,1
liable,-1
hideous,-1
spoil,-1
involuntary,-1
redemption,1
slump,-1
mendacious,-1
valiant,1
thoughtfulness,1
mistakes,-1
adaptable,1
effusively,1
prohibit,-1
accessible,1
painfully,-1
hotcake,1
achey,-1
vagueness,-1
standout,1
thankless,-1
advanced,1
lurking,-1
cringed,-1
licentious,-1
overjoyed,1
celebrate,1
nightmarish,-1
dejected,-1
problem,-1
dehumanization,-1
rant,-1
prodigiously,1
assure,1
illumine,1
wickedly,-1
hypocricy,-1
appreciative,1
lover,1
bleakness,-1
sane,1
endorsing,1
arbitrary,-1
difficulty,-1
appropriate,1
stun,-1
fanfare,1
dirt-cheap,1
musty,-1
feverish,-1
crass,-1
menace,-1
exaltingly,1
obliterated,-1
barbarous,-1
unproductive,-1
striving,1
hasty,-1
macabre,-1
maltreatment,-1
disbelieve,-1
outdo,1
charisma,1
monumentally,1
bungling,-1
misguidance,-1
excels,1
gem,1
excitedness,1
efficiently,1
stranger,-1
smiles,1
shabby,-1
ebulliently,1
uncomfy,-1
insociable,-1
disaffected,-1
prestigious,1
listless,-1
inevitably,-1
prize,1
embolden,1
crowded,-1
enrapture,1
gratifies,1
finely,1
intrigue,1
detracting,-1
comprehensive,1
striving,1
forebodingly,-1
restriction,-1
fawningly,-1
peeve,-1
concerns,-1
dearth,-1
achievible,1
fanfare,1
festive,1
gems,1
avid,1
erode,-1
collude,-1
readable,1
cheated,-1
ardor,1
straightforward,1
gallantly,1
solidarity,1
disgraceful,-1
dead-cheap,1
autonomous,1
vulgar,-1
sincere,1
crude,-1
ingenuous,1
awestruck,1
deign,-1
disdain,-1
rremediable,-1
upgradeable,1
snobby,-1
musty,-1
annoying,-1
distract,-1
suck,-1
devastate,-1
revelation,1
trustingly,1
ecstatically,1
modesty,1
dissing,-1
entice,1
erratically,-1
deprived,-1
invulnerable,1
peeve,-1
well,1
brainiest,1
moot,-1
gleefully,1
resolute,1
chaff,-1
slug,-1
smudge,-1
clamorous,-1
confident,1
blessing,1
legendary,1
recklessly,-1
proprietary,-1
merriment,1
disrespectablity,-1
contribution,1
perturbed,-1
infallible,1
debacle,-1
sloww,-1
hardy,1
strong,1
inconsequentially,-1
hideous,-1
mind-blowing,1
self-criticism,-1
resourcefulness,1
blab,-1
unity,1
trivially,1
touchy,-1
fabricate,-1
warped,-1
terrorize,-1
whoa,1
thrive,1
surmount,1
wowing,1
puppet,-1
taut,-1
oversimplified,-1
fascination,1
drags,-1
repugnantly,-1
harsh,-1
wins,1
master,1
militancy,-1
cheaper,1
enjoy,1
deficiencies,-1
consistently,1
effusively,1
redeem,1
spectacular,1
pepping,1
euphorically,1
appealing,1
gorgeous,1
craven,-1
assassin,-1
evasion,-1
glorify,1
uncivil,-1
travesty,-1
exagerated,-1
incongruously,-1
free,1
proud,1
stately,1
refund,1
poverty,-1
sloppily,-1
gladden,1
cataclysmically,-1
nervously,-1
repetitive,-1
thoughtfully,1
thrilling,1
glowing,1
brisk,1
revelation,1
despondence,-1
uplifting,1
terribly,-1
exagerate,-1
downer,-1
hegemonism,-1
fortuitous,1
enrage,-1
blossom,1
finest,1
oversimplification,-1
enraged,-1
fortunately,1
altruistic,1
thumb-up,1
disvalue,-1
warning,-1
striving,1
knave,-1
obliterate,-1
felicity,1
patriot,1
reputable,1
grand,1
cranky,-1
contemptible,-1
continuity,1
villains,-1
fresh,1
honor,1
encouraging,1
hurted,-1
glower,-1
overpower,-1
enthral,1
afford,1
keenly,1
success,1
bravery,1
dungeon,-1
damaged,-1
satisified,1
stern,-1
prominent,1
inventive,1
affordably,1
jubilantly,1
jarring,-1
dispirited,-1
acumen,1
advocates,1
overtaxed,-1
masterpieces,1
hestitant,-1
demon,-1
injury,-1
flourishing,1
incomparably,-1
happier,1
obsession,1
reverently,1
fugitive,-1
laggy,-1
stumped,-1
terrifically,1
glamorous,1
delightfully,1
unlicensed,-1
misbecoming,-1
ftw,1
unworkable,-1
mighty,1
biased,-1
incomplete,-1
besiege,-1
praiseworthy,1
beautify,1
spiritual,1
thrive,1
outperforming,1
luminous,1
spectacular,1
monster,-1
blasphemy,-1
courageously,1
freed,1
incomplete,-1
heroic,1
craziness,-1
adoringly,1
expunge,-1
abundant,1
liking,1
petrify,-1
fright,-1
enlightenment,1
flutter,1
misses,-1
dirtbags,-1
plush,1
swanky,1
accurately,1
uncomfortable,-1
compactly,1
surpass,1
unwatchable,-1
a+,1
excuse,-1
cocky,-1
admonition,-1
evaluative,1
enviable,1
terrific,1
pleasant,1
repressive,-1
instantly,1
subsidize,1
irately,-1
disgracefully,-1
aggravation,-1
fleeing,-1
effusiveness,1
victimize,-1
forlornly,-1
soapy,-1
massacres,-1
viewable,1
unraveled,-1
impertinent,-1
golden,1
adequate,1
clogged,-1
crooks,-1
calamities,-1
wondrous,1
productively,1
effective,1
battering,-1
fatalistically,-1
harmony,1
triumphal,1
marvel,1
debauch,-1
approval,1
ardor,1
lividly,-1
lecherous,-1
sadly,-1
examplary,1
jolly,1
idyllic,1
stupendous,1
indulgence,1
outperform,1
headaches,-1
promised,1
spurn,-1
sufficient,1
fidelity,1
shroud,-1
fastest-growing,1
itch,-1
delightful,1
promise,1
preeminent,1
excallent,1
inconveniently,-1
brighten,1
heavyhearted,-1
impudently,-1
slander,-1
bullies,-1
farfetched,-1
fundamentalism,-1
burdensomely,-1
stellar,1
profoundly,1
smuttiest,-1
goodly,1
elated,1
autonomous,1
lawful,1
squeaks,-1
unreasonable,-1
frustrations,-1
radically,-1
brutalities,-1
obliterate,-1
crafty,-1
despoil,-1
elated,1
prisoner,-1
hurts,-1
adverse,-1
far-fetched,-1
steadiness,1
verifiable,1
resounding,1
notoriously,-1
incredulously,-1
slick,1
powerful,1
coherent,1
stumble,-1
liking,1
divine,1
eminence,1
bravo,1
sharp,1
failure,-1
convincingly,1
eager,1
pretentiously,-1
discordant,-1
phenomenal,1
2-faced,-1
importune,-1
expropriation,-1
accomodative,1
glee,1
slave,-1
goodness,1
rightness,1
oblivious,-1
clean,1
stable,1
cleverly,1
crueler,-1
dissing,-1
well-run,1
unimportant,-1
sneer,-1
abysmally,-1
amazes,1
jollify,1
cooperative,1
destroy,-1
backwardness,-1
rewarding,1
scandels,-1
masterpiece,1
sensationally,1
wretch,-1
blaspheme,-1
crumble,-1
satisified,1
shortsightedness,-1
remarkable,1
nuisance,-1
achievible,1
freedom,1
peacekeepers,1
upset,-1
geeky,1
marvellous,1
excitedly,1
gladly,1
acclamation,1
rejuvenating,1
beckon,1
flair,-1
childish,-1
coherent,1
harangue,-1
astound,1
thumb-down,-1
economical,1
revolutionizes,1
uncomplicated,1
cheat,-1
hotheaded,-1
bait,-1
rattled,-1
disappoints,-1
romantically,1
attune,1
eases,1
passive,-1
atrocity,-1
savings,1
relief,1
scathingly,-1
suffice,1
patiently,1
volatility,-1
good,1
thriving,1
enchanted,1
vouchsafe,1
offending,-1
preferable,1
unlimited,1
engrossing,1
smartest,1
heartwarming,1
levity,1
nifty,1
sincere,1
trust,1
overtook,1
erroneously,-1
inconsequent,-1
forsaken,-1
exciting,1
snappish,-1
renowned,1
frustration,-1
dumb,-1
conspiracies,-1
handsomely,1
luxuriously,1
weakening,-1
exile,-1
restful,1
dimmer,-1
concern,-1
deft,1
faithfulness,1
senseless,-1
felicitate,1
discredit,-1
silly,-1
fraudulent,-1
remorseful,-1
vomit,-1
submissive,-1
rectification,1
trusty,1
breathtakingly,1
amazingly,1
disdained,-1
glitter,1
pleasingly,1
ingrate,-1
misguidance,-1
decadent,-1
inconceivable,-1
dependably,1
dominate,1
painfully,-1
lose,-1
imaculate,1
prefered,1
downgrade,-1
fascinating,1
elation,1
jumpy,-1
choleric,-1
nicest,1
imposition,-1
effusive,1
luckiness,1
revengefully,-1
unreal,1
trusted,1
non-confidence,-1
feat,1
hater,-1
wilt,-1
impediment,-1
balanced,1
faultless,1
epidemic,-1
work,1
robust,1
corruptted,-1
achievable,1
glow,1
refuses,-1
stupendous,1
nebulously,-1
suspicion,-1
unqualified,-1
illuminating,1
traumatized,-1
restful,1
shockingly,-1
benevolent,1
ingenuity,1
honorable,1
louder,-1
sunk,-1
egotistically,-1
cajole,1
mordant,-1
flutter,1
honored,1
warmly,1
excruciating,-1
fateful,-1
invidiousness,-1
joke,-1
stammer,-1
depressing,-1
embarrassment,-1
exceptional,1
gold,1
receptive,1
disconcerting,-1
unqualified,-1
conciliate,1
champ,1
statuesque,1
revolutionary,1
rapid,1
admonishment,-1
enthralled,1
unfunded,-1
shun,-1
gaily,1
dissolute,-1
lifesaver,1
slogged,-1
deploring,-1
awsome,1
contradict,-1
consistently,1
abrade,-1
inexpertly,-1
problems,-1
lost,-1
obscured,-1
lambast,-1
swindle,-1
2-faced,-1
acridly,-1
prodigy,1
luckiness,1
amicability,1
cherish,1
cataclysm,-1
proficiently,1
overtaken,1
sweaty,-1
sack,-1
baffled,-1
unmatched,1
manageable,1
blurred,-1
staunchness,1
illusions,-1
confounding,-1
jitter,-1
flat-out,-1
unnerving,-1
backwood,-1
confessions,-1
vex,-1
survivor,1
brand-new,1
uproariously,-1
trusted,1
insolence,-1
gabble,-1
durable,1
palatial,1
simplistically,-1
stirringly,1
incomprehension,-1
loveliness,1
extoll,1
kindly,1
strongest,1
uncomfy,-1
workable,1
strife,-1
impressiveness,1
thumb-down,-1
tidy,1
guarantee,1
hoodwink,-1
womanizing,-1
malice,-1
bonus,1
gladness,1
freshest,1
infuriatingly,-1
unabashed,1
plusses,1
ardently,1
nauseating,-1
ingrate,-1
struggle,-1
exceptional,1
stylishly,1
thoughtful,1
coolest,1
inequitably,-1
retarded,-1
inteferes,-1
desiring,1
foolhardy,-1
deficiency,-1
brainwash,-1
liked,1
guilty,-1
dismayingly,-1
irk,-1
fulminate,-1
bless,1
worthwhile,1
woe,-1
wonderful,1
enterprising,1
worked,1
continuity,1
unsuccessfully,-1
plentiful,1
insightfully,1
infuriated,-1
tacky,-1
fist,-1
arrogantly,-1
queer,-1
grumble,-1
staunchness,1
happily,1
raptureously,1
rejuvenate,1
high-quality,1
healthy,1
overpayed,-1
lustrous,1
respectable,1
fiery,1
tantalizing,1
enlightenment,1
downturns,-1
revolutionary,1
excoriate,-1
skimpy,-1
adaptable,1
hallmarks,1
biting,-1
vibration,-1
fanatic,-1
reassurance,1
optimal,1
toxic,-1
satisfying,1
understandable,1
disillusionment,-1
insincere,-1
cruelest,-1
morality,1
frenzied,-1
retreated,-1
bragger,-1
low-risk,1
dumbfound,-1
thrills,1
loved,1
unreal,1
flickers,-1
alarmingly,-1
licentious,-1
undermine,-1
ruin,-1
disturbed,-1
perilous,-1
protection,1
dignify,1
wowed,1
bothers,-1
shocking,-1
matchless,1
harmonious,1
fruitless,-1
outstrip,1
resourceful,1
divine,1
delightfulness,1
heroically,1
continuity,1
avaricious,-1
halcyon,1
hum,-1
dismissive,-1
bait,-1
hypocritically,-1
fascism,-1
defile,-1
golden,1
aggressive,-1
bloom,1
reckless,-1
loophole,-1
simplify,1
murderer,-1
delirium,-1
substantive,1
backbiting,-1
fanatics,-1
upgradable,1
reprovingly,-1
inferior,-1
puzzling,-1
congratulate,1
better-known,1
beneficent,1
adulteration,-1
gallantly,1
deprecate,-1
horrifys,-1
unusably,-1
victory,1
enviable,1
restored,1
swankier,1
err-free,1
strong,1
bravo,1
bloodthirsty,-1
abruptly,-1
recalcitrant,-1
controversial,-1
cynical,-1
fans,1
glowingly,1
hostile,-1
pessimism,-1
clog,-1
heartfelt,1
self-destructive,-1
flexibility,1
brighter,1
chatterbox,-1
antipathy,-1
master,1
grin,1
uncouth,-1
tidy,1
improve,1
unkindly,-1
repugnant,-1
rivalry,-1
fortunate,1
honoring,1
lighter,1
eyesore,-1
beneficiary,1
fulfillment,1
intolerablely,-1
slow-moving,-1
dominated,1
peril,-1
helping,1
intelligent,1
succes,1
trivial,-1
insulted,-1
stains,-1
garish,-1
gush,1
troublesome,-1
enjoin,-1
exaltingly,1
unrestricted,1
appreciatively,1
resolute,1
antipathy,-1
fist,-1
interferes,-1
murderer,-1
sincere,1
confident,1
cheaply,-1
mischievous,-1
gusto,1
occludes,-1
peaceful,1
useful,1
snagging,-1
reluctant,-1
laughable,-1
considerate,1
improperly,-1
breakthrough,1
peaceful,1
celebrate,1
swift,1
sore,-1
misery,-1
chore,-1
inequality,-1
instantly,1
blurring,-1
bruising,-1
precariously,-1
light-hearted,1
impersonal,-1
disputed,-1
fatal,-1
mercifully,1
fruitlessly,-1
invective,-1
weird,-1
fat,-1
suppression,-1
pleasant,1
bewildered,-1
miracle,1
wisely,1
orderly,1
deceiving,-1
genial,1
humorously,1
debility,-1
irritating,-1
exceptional,1
terrific,1
destabilisation,-1
wealthy,1
simplifies,1
wisely,1
influential,1
headache,-1
trumpet,1
intuitive,1
dissed,-1
horrendously,-1
talented,1
sloow,-1
creak,-1
mastery,1
luck,1
disruptive,-1
reward,1
lambast,-1
dissolution,-1
eloquent,1
beneficent,1
famed,1
self-sufficiency,1
fortunately,1
delicate,1
grotesque,-1
painlessly,1
instigators,-1
honest,1
diligence,1
depressing,-1
heroine,1
merriment,1
favorited,1
tacky,-1
seamless,1
plebeian,-1
admirably,1
smitten,1
genius,1
suffice,1
dilapidated,-1
mischievous,-1
offender,-1
horrific,-1
exceled,1
insufficiency,-1
false,-1
improving,1
orderly,1
losses,-1
refined,1
carnage,-1
outwit,1
crass,-1
whoa,1
sincerity,1
fertile,1
fanfare,1
sneering,-1
toll-free,1
strained,-1
unconditional,1
peace,1
dumbfounding,1
untimely,-1
zenith,1
unlawfully,-1
fecilitous,1
snobs,-1
besiege,-1
protect,1
disparaging,-1
retreat,-1
backbite,-1
forlornly,-1
downer,-1
pleasant,1
solid,1
panoramic,1
virus,-1
well-run,1
baseless,-1
anti-semites,-1
horrify,-1
wallow,-1
pretence,-1
prison,-1
retarded,-1
unrelentingly,-1
bulkier,-1
tramp,-1
resourcefulness,1
scandel,-1
proper,1
bullying,-1
glum,-1
supporter,1
impartiality,1
taxing,-1
succes,1
taunting,-1
pleasant,1
insular,-1
destabilisation,-1
goood,1
hospitable,1
raptureously,1
chic,1
accomplish,1
dejection,-1
glorify,1
crass,-1
oddest,-1
boundless,1
amazes,1
hands-down,1
downheartedly,-1
better-than-expected,1
inviolable,1
stereotypically,-1
futilely,-1
discontinuous,-1
triumphal,1
sputter,-1
fudge,-1
decisive,1
electrify,1
simplifies,1
rejoicing,1
furiously,-1
grand,1
assurances,1
renowned,1
exhort,-1
flashy,1
refutes,-1
succeeded,1
tantalize,1
enticed,1
ail,-1
slaughtered,-1
cohesive,1
tidy,1
fallaciousness,-1
crabby,-1
touchy,-1
adroitly,1
afford,1
cringes,-1
doomsday,-1
breathlessness,1
wealthy,1
logical,1
aborts,-1
rife,-1
stolen,-1
purify,1
villian,-1
dumb,-1
recomend,1
intriguing,1
costly,-1
reformed,1
lugubrious,-1
incitement,-1
advantageous,1
perfect,1
ineffectual,-1
backward,-1
exultation,1
precise,1
unavoidably,-1
satisfy,1
poisonously,-1
adroit,1
sore,-1
inadvisably,-1
incoherently,-1
dazzling,1
depressingly,-1
catchy,1
magnanimous,1
nifty,1
smitten,1
love,1
meaningful,1
peculiarly,-1
boom,1
staunch,1
misdirection,-1
bulky,-1
eyesore,-1
weaknesses,-1
intimacy,1
inflated,-1
spewed,-1
revival,1
bafflement,-1
resourcefulness,1
abundant,1
motionless,-1
helpful,1
charmingly,1
salute,1
depressing,-1
mesmerize,1
guidance,1
quieter,1
misguide,-1
farfetched,-1
unnoticed,-1
burning,-1
error,-1
triumphal,1
topple,-1
sermonize,-1
naively,-1
coldly,-1
geeky,1
thankless,-1
awful,-1
pleas,-1
dirtbags,-1
appreciate,1
weed,-1
beneficiary,1
smuttier,-1
risk-free,1
reconcile,1
stealing,-1
garbage,-1
gooood,1
palatial,1
threesome,-1
jeeringly,-1
astray,-1
perfection,1
welcome,1
jerk,-1
enmity,-1
fastidious,-1
spookily,-1
outshine,1
stern,-1
vibrated,-1
handy,1
senile,-1
bliss,1
invincible,1
flagging,-1
guarantee,1
travesties,-1
untrustworthy,-1
proven,1
cashback,1
dripping,-1
honoring,1
unacceptable,-1
opportunistic,-1
full-blown,-1
terrific,1
poky,-1
gauche,-1
wieldy,1
falsehood,-1
subsidize,1
exhorbitant,-1
unreadable,-1
imperfect,-1
mistake,-1
revitalize,1
patriotic,1
ineffectualness,-1
break-up,-1
credence,1
congenial,1
fantastic,1
pride,1
poise,1
succeed,1
improper,-1
darken,-1
buoyant,1
censure,-1
prefered,1
world-famous,1
fancier,1
loathe,-1
flairs,-1
tediously,-1
capricious,-1
geeky,1
misjudge,-1
believable,1
questionable,-1
easiness,1
affectionate,1
encouraging,1
unlikely,-1
falter,-1
virtuously,1
capriciousness,-1
halfheartedly,-1
enough,1
tension,-1
clouding,-1
fictional,-1
precarious,-1
sweetheart,1
lucid,1
spitefulness,-1
adaptable,1
refuse,-1
catastrophies,-1
conflicted,-1
dawn,1
protracted,-1
dissonant,-1
bountiful,1
top-notch,1
illuminating,1
refute,-1
well-rounded,1
ecstasy,1
revolt,-1
refinement,1
phenomenally,1
discontentedly,-1
shocking,-1
favored,1
jitter,-1
considerate,1
ominous,-1
sweetly,1
fastest-growing,1
goading,-1
bountiful,1
contaminate,-1
chasten,-1
brilliantly,1
uplift,1
overemphasize,-1
rock-stars,1
unfortunately,-1
chatterbox,-1
hopeful,1
positives,1
snappish,-1
inteferes,-1
meager,-1
conveniently,1
trust,1
chill,-1
exuberance,1
admiring,1
gasp,-1
harasses,-1
whoa,1
pleasurable,1
daringly,1
ill-used,-1
praise,1
frenetically,-1
user-replaceable,1
bickering,-1
dreamland,1
divinely,1
supreme,1
amicably,1
exorbitantly,-1
discord,-1
irretating,-1
scratched,-1
proficiently,1
accomodative,1
succeeds,1
clean,1
get-rich,-1
tenderly,1
achievements,1
luxury,1
desperately,-1
ease,1
delay,-1
stubborn,-1
superb,1
invigorate,1
peacefully,1
besiege,-1
superstition,-1
wisely,1
handsome,1
implication,-1
clog,-1
disbelieve,-1
joke,-1
stodgy,-1
overemphasize,-1
depraved,-1
dismissively,-1
wreaks,-1
misunderstandings,-1
bum,-1
usable,1
gutter,-1
apocalyptic,-1
visionary,1
thrilling,1
elation,1
unencumbered,1
eloquent,1
suffices,1
tenaciously,1
erratically,-1
prefer,1
valor,1
entrapment,-1
dense,-1
melancholy,-1
splendid,1
distaste,-1
misunderstanding,-1
forgetful,-1
inconsiderately,-1
sumptuousness,1
sensations,1
regrets,-1
inconsequentially,-1
disapointing,-1
forged,-1
indiscreetly,-1
exult,1
less-developed,-1
smuttiest,-1
empowerment,1
best-known,1
oppressively,-1
tantalizing,1
prestigious,1
humor,1
resourceful,1
botch,-1
beutifully,1
envious,1
reconcile,1
invaluable,1
congenial,1
overshadow,-1
toll,-1
cohere,1
wonderous,1
idealize,1
shamelessly,-1
stumble,-1
reconciliation,1
pout,-1
tramp,-1
blossom,1
jubilate,1
deginified,1
rejected,-1
trustworthiness,1
unwell,-1
excuses,-1
pleasantly,1
fluent,1
humiliate,-1
gush,1
fast-paced,1
imperialist,-1
destabilisation,-1
gracefully,1
extol,1
unequal,-1
self-satisfaction,1
bondage,-1
dissatisfying,-1
expertly,1
togetherness,1
inspirational,1
gladness,1
illegal,-1
haphazard,-1
powerfully,1
scapegoat,-1
beautiful,1
generous,1
sarcastically,-1
honored,1
inconstant,-1
imprecate,-1
dependably,1
euphorically,1
keenly,1
unbeatable,1
cave,-1
wonderfully,1
inapt,-1
hubris,-1
debacle,-1
insolently,-1
loud,-1
plight,-1
enthrall,1
patiently,1
grief,-1
modern,1
breathlessness,1
alluringly,1
extraordinary,1
considerate,1
anti-semites,-1
trumpet,1
offensive,-1
repudiate,-1
dump,-1
superficiality,-1
warily,-1
undignified,-1
slave,-1
revolutionize,1
appreciative,1
gaffe,-1
unabashed,1
commendably,1
carp,-1
recommendation,1
admiringly,1
scummy,-1
likable,1
smilingly,1
spectacular,1
baffling,-1
distrustful,-1
succeeded,1
debilitate,-1
whores,-1
lapses,-1
pamperedly,1
improve,1
comfy,1
smartest,1
unrelentingly,-1
contradict,-1
redeem,1
responsive,1
bright,1
flimsy,-1
bristle,-1
success,1
lucrative,1
gratitude,1
eloquently,1
puzzling,-1
verifiable,1
impudently,-1
defiant,-1
affinity,1
omission,-1
downbeat,-1
aggressor,-1
beneficiary,1
gaining,1
rational,1
anti-social,-1
dazzle,1
anxious,-1
cherished,1
exceptionally,1
achievements,1
excellency,1
knotted,-1
ominous,-1
neatest,1
one-sided,-1
disillusions,-1
enjoyed,1
dissappointing,-1
desperate,-1
flourishing,1
powerfully,1
diss,-1
accessible,1
injustices,-1
misunderstood,-1
healthful,1
gratitude,1
pinnacle,1
submissive,-1
desolate,-1
stronger,1
contribution,1
disappointment,-1
proficient,1
lament,-1
awards,1
brighter,1
denunciations,-1
puzzling,-1
irreplacible,-1
rivalry,-1
mature,1
sneak,-1
economical,1
flaky,-1
quieter,1
virtuously,1
vivid,1
grand,1
unsuspecting,-1
unjustifiable,-1
mishandle,-1
favorite,1
inexplainable,-1
cravenly,-1
substantive,1
disturbing,-1
fashionable,1
dissuade,-1
evil,-1
zeal,1
renaissance,1
shrouded,-1
integrated,1
unrivaled,1
concise,1
undisputable,1
immoderate,-1
prosperous,1
mercy,1
eruptions,-1
cleanliness,1
first-in-class,1
frantic,-1
untrustworthy,-1
scandalized,-1
insightfully,1
demonized,-1
adjustable,1
ebullience,1
accomplish,1
jubilate,1
navigable,1
calumnies,-1
invulnerable,1
soundness,1
worthwhile,1
tramp,-1
apologist,-1
speedily,1
fancy,1
versatile,1
trump,1
infidels,-1
hideousness,-1
gladden,1
carefree,1
implication,-1
teasingly,-1
humor,1
coldly,-1
timidness,-1
cherished,1
abuse,-1
refresh,1
impede,-1
personages,1
whores,-1
arduous,-1
injustice,-1
irresponsible,-1
honesty,1
dick,-1
felicity,1
harmoniously,1
undetermined,-1
importune,-1
decayed,-1
zap,-1
affably,1
selfishly,-1
magnificent,1
pride,1
competitive,1
scaly,-1
openly,1
hype,-1
unabashedly,1
shatter,-1
harmony,1
flabbergast,-1
inequitably,-1
well-informed,1
god-send,1
weak,-1
infidels,-1
facetiously,-1
freedoms,1
handsomely,1
discontented,-1
maturely,1
marvel,1
isolate,-1
resplendent,1
plunderer,-1
eloquently,1
reputable,1
successfully,1
backache,-1
wins,1
criticize,-1
dominated,1
motivated,1
hopeless,-1
guarantee,1
outdo,1
wreaked,-1
supurbly,1
devilry,-1
incorrigible,-1
impartially,1
dirt,-1
exquisitely,1
struggles,-1
magnanimously,1
reaffirm,1
revolutionizes,1
inestimably,1
overstates,-1
amusing,1
indecisively,-1
misunderstandings,-1
traction,1
upscale,1
refuse,-1
supremely,1
bumped,-1
crisper,1
pleasure,1
greatest,1
flaunt,-1
overwhelms,-1
blurry,-1
troubling,-1
overpower,-1
peacekeepers,1
tremendously,1
memorable,1
banish,-1
illness,-1
fussy,-1
weakness,-1
obstinately,-1
scandalize,-1
intelligent,1
latency,-1
altruistically,1
leech,-1
remission,1
prowess,1
whoooa,1
winner,1
excitedness,1
enjoyment,1
shipwreck,-1
sweetness,1
degrade,-1
handier,1
shameful,-1
harmonize,1
amicably,1
zenith,1
distrusting,-1
flashy,1
sadden,-1
compassion,1
amenable,1
diplomatic,1
donside,-1
genuine,1
luck,1
servitude,-1
tragic,-1
imprecision,-1
shit,-1
quarrellously,-1
cool,1
noteworthy,1
siege,-1
comfort,1
anxiousness,-1
solicitous,1
disrespectablity,-1
receptive,1
discourteous,-1
inhuman,-1
poverty,-1
regally,1
grin,1
fist,-1
virtuously,1
impressiveness,1
disinclined,-1
biting,-1
tantalize,1
flakieness,-1
plentiful,1
oversight,-1
mockeries,-1
mawkishly,-1
endorsing,1
upbeat,1
nettle,-1
inconvenience,-1
raptureously,1
helping,1
annihilation,-1
entice,1
broke,-1
examplary,1
treacherously,-1
pleasure,1
luckiness,1
indulgence,1
inimical,-1
soothingly,1
supports,1
sane,1
intricate,1
over-priced,-1
scams,-1
beckon,1
risk,-1
adroitly,1
fuck,-1
charitable,1
lavishly,1
hypocritically,-1
faithfully,1
generosity,1
unwillingly,-1
windfall,1
successes,1
adjustable,1
virtuously,1
superbly,1
succes,1
bumped,-1
staunchness,1
wrest,-1
extravagantly,-1
trivially,1
detesting,-1
anger,-1
prate,-1
ennoble,1
traction,1
sleek,1
blunder,-1
fabulous,1
appreciated,1
impolitely,-1
humming,-1
deploring,-1
shaky,-1
innuendo,-1
assassinate,-1
variety,1
saintliness,1
subsidizes,1
amicably,1
effectiveness,1
self-sufficiency,1
timely,1
drags,-1
concen,-1
poise,1
goof,-1
capriciously,-1
fail,-1
bonus,1
recommend,1
bluring,-1
remarkably,1
effectiveness,1
travesties,-1
deceptively,-1
goood,1
oppressively,-1
dick,-1
contentment,1
marvelous,1
exceeds,1
reasonably,1
joke,-1
impair,-1
liked,1
backbite,-1
insensitivity,-1
breakthroughs,1
superstitious,-1
dirtbag,-1
exultant,1
sly,-1
thrive,1
painlessly,1
denial,-1
perversely,-1
well,1
breakthrough,1
disturbance,-1
relapse,-1
hopelessness,-1
subdued,-1
affirmative,1
malignant,-1
dirt-cheap,1
protection,1
overtaking,1
first-rate,1
richness,1
amenable,1
hands-down,1
nourishment,1
award,1
divinely,1
totalitarian,-1
caricature,-1
brightest,1
excitement,1
hollow,-1
unintelligile,-1
torturing,-1
mawkish,-1
snobish,-1
entrapment,-1
bullshyt,-1
rejuvenate,1
stately,1
dissapointed,-1
bearish,-1
unfortunately,-1
helplessly,-1
frustrations,-1
furor,-1
omission,-1
sensations,1
idealize,1
ecstasies,1
sturdier,1
jitter,-1
admirably,1
appreciative,1
stunning,1
ambivalent,-1
overwhelmed,-1
gangster,-1
pamperedness,1
idiocies,-1
bonny,1
cunts,-1
blasted,-1
despised,-1
jagged,-1
inexpiable,-1
lacked,-1
faulty,-1
starvation,-1
exaggerate,-1
massacre,-1
concern,-1
grandeur,1
decrement,-1
heartbreakingly,-1
irresistible,1
robust,1
sweetheart,1
encouragement,1
unrivaled,1
commodious,1
inappropriately,-1
mighty,1
unwelcome,-1
draconian,-1
flatteringly,1
admonishment,-1
stunned,1
flirty,-1
disapointing,-1
extol,1
inhospitality,-1
complacent,-1
drop-outs,-1
burned,-1
senile,-1
embolden,1
hater,-1
electrify,1
rotten,-1
reprehension,-1
phony,-1
sorrowfully,-1
uncollectible,-1
authentic,1
lovable,1
misgivings,-1
liar,-1
low-price,1
fanatical,-1
sucked,-1
troublingly,-1
stingingly,-1
toxic,-1
remunerate,1
providence,1
enticingly,1
immaculately,1
conceded,-1
afordable,1
fleed,-1
regal,1
invincible,1
profound,1
disfavor,-1
unfeeling,-1
appalling,-1
revival,1
worry,-1
staunchness,1
engulf,-1
apprehensively,-1
unreal,1
inconsequently,-1
panoramic,1
choppy,-1
warily,-1
unfounded,-1
spectacular,1
inpressed,1
inspire,1
dismissive,-1
commotions,-1
profoundly,1
deprave,-1
venom,-1
smudged,-1
stability,1
spiritless,-1
gasp,-1
slick,1
outstrip,1
excels,1
daze,-1
refutation,-1
sensitive,1
corrosions,-1
satisfies,1
unhappily,-1
addicting,-1
boycott,-1
unaccustomed,-1
garbage,-1
rhapsodize,-1
hellion,-1
dictator,-1
exhilarating,1
punk,-1
revel,1
bane,-1
moronic,-1
unparalleled,1
trendy,1
anti-us,-1
discontinued,-1
inaction,-1
economical,1
illustrious,1
dumbfound,-1
irksomenesses,-1
dreadfully,-1
meaningful,1
disorient,-1
swank,1
persecute,-1
underpowered,-1
oppression,-1
pittance,-1
trapped,-1
inconsiderate,-1
gracefully,1
divine,1
audibly,1
untimely,-1
remorse,-1
fine-looking,1
pleasantly,1
rapturous,1
fresh,1
zeal,1
acrid,-1
noise,-1
contrasty,1
restructured,1
defamations,-1
hooray,1
ostracize,-1
screwed,-1
abundance,1
sore,-1
impatiently,-1
indiscreet,-1
victory,1
legendary,1
denunciations,-1
fashionably,1
hustler,-1
venerate,1
dissonantly,-1
unbearable,-1
wholeheartedly,1
dauntless,1
lurk,-1
unwatchable,-1
encouragement,1
decent,1
ferocity,-1
cooperative,1
nonsense,-1
compassionate,1
surpass,1
contravene,-1
overstated,-1
inviolable,1
displace,-1
collapse,-1
glimmer,1
inaccurately,-1
rumbling,-1
admiration,1
quiet,1
high-quality,1
fallacies,-1
dissappointed,-1
degrade,-1
rip-off,-1
excellant,1
loyal,1
misconception,-1
advocate,1
